Name,Position,Team,Injury Status,PTS,REB,AST,BLK,STL,FG%,FT%,3PM,TO,GP,MIN,FTM,2PM,A/TO,PF
Stephen Curry," PG,SG",GSW ,Healthy,34.0,4.0,4.7,0.3,1.7,.446,.929,6.0,3.3,3,37.9,8.7,3.7,8.00,2.3
Joel Embiid," PF,C",PHI ,Healthy,31.7,11.3,2.3,1.7,0.7,.580,.886,2.0,1.7,3,33.4,10.3,7.7,4.00,1.3
Shai Gilgeous-Alexander," PG,SG",OKC ,Healthy,31.0,4.7,5.7,1.3,0.3,.469,.784,1.3,2.3,3,36.4,9.7,8.7,11.40,3.0
Nikola Jokic," PF,C",DEN ,Healthy,25.7,20.3,6.0,1.0,2.3,.390,.833,0.7,6.0,3,36.0,5.0,9.3,3.40,2.0
James Harden," PG,SG",BKN ,Healthy,37.5,9.0,12.5,1.5,1.5,.500,.818,3.5,3.5,2,39.5,9.0,9.0,7.50,4.5
Devin Booker," SG,SF,PG",PHO ,Healthy,24.3,4.0,4.7,1.0,2.0,.436,.846,2.7,2.3,3,37.5,3.7,6.3,6.30,2.0
Desmond Bane," PG,SG,SF",MEM ,Healthy,24.0,4.0,2.0,0.7,1.3,.519,1.000,4.3,1.7,3,33.0,1.7,4.7,4.00,3.3
Ja Morant, PG,MEM ,Healthy,24.0,4.7,6.3,0.0,1.0,.483,.813,1.0,3.0,3,31.7,4.3,8.3,6.30,1.3
Franz Wagner," SG,SF",ORL ,Healthy,23.7,4.7,1.7,1.0,1.0,.489,.905,2.0,2.0,3,34.7,6.3,5.7,2.80,2.0
Malik Beasley," PG,SG,SF",MIN ,Healthy,22.7,6.0,1.3,0.0,0.7,.409,.000,4.7,1.3,3,40.7,0.0,4.3,1.50,1.3
Russell Westbrook, PG,LAL ,Healthy,22.3,10.3,8.3,0.0,1.3,.456,.571,1.0,5.0,3,35.6,4.0,7.7,5.90,3.0
Khris Middleton," SF,PF,SG",MIL ,Healthy,21.3,3.3,5.7,0.3,1.0,.512,.824,2.7,4.3,3,32.9,4.7,4.3,4.00,1.7
Giannis Antetokounmpo," PF,C",MIL ,Healthy,32.0,9.0,5.5,1.5,0.0,.548,.680,0.5,2.0,2,29.7,8.5,11.0,5.50,4.5
Kemba Walker, PG,NYK ,Healthy,21.3,7.7,7.3,0.0,0.0,.400,.923,4.0,1.0,3,38.9,4.0,2.7,13.00,0.7
Tyler Herro," PG,SG",MIA ,Healthy,21.0,4.0,5.0,0.0,0.7,.467,.867,2.7,1.7,3,29.6,4.3,4.3,9.50,1.7
Bojan Bogdanovic," SF,PF",UTH ,Healthy,20.7,3.0,1.0,0.0,0.7,.550,.692,3.0,3.3,3,27.9,3.0,4.3,0.80,2.7
Zach LaVine," SG,SF",CHI ,Healthy,31.0,4.0,7.0,0.5,1.0,.575,.750,5.0,3.0,2,35.2,3.0,6.5,5.80,1.5
Spencer Dinwiddie," PG,SG",WAS ,Healthy,20.7,5.7,9.7,0.3,0.3,.488,.500,3.0,2.3,3,37.1,3.7,4.0,12.70,2.3
Kristaps Porzingis," PF,C",DAL ,Healthy,30.5,9.0,4.0,2.0,1.5,.513,.818,1.5,1.5,2,33.2,9.0,8.5,1.00,2.0
Cam Reddish," SG,SF",ATL ,Healthy,20.3,3.7,2.0,0.7,1.0,.431,1.000,3.0,2.7,3,34.0,2.7,4.3,3.00,1.3
Donovan Mitchell," PG,SG",UTH , OUT ,30.5,4.0,5.0,0.5,1.5,.457,.933,2.5,3.0,2,36.1,7.0,8.0,3.30,2.5
Julius Randle," PF,C",NYK ,Healthy,20.3,12.0,2.3,0.7,0.3,.421,.546,2.3,3.7,3,35.8,2.0,5.7,2.00,2.3
Jalen Brunson," PG,SG",DAL ,Healthy,20.0,3.3,7.7,0.0,1.0,.442,.769,1.3,1.3,3,34.5,3.3,6.3,19.00,2.0
Christian Wood," PF,C",HOU ,Healthy,20.0,7.7,2.7,0.3,1.0,.563,.696,2.7,2.0,3,30.0,5.3,3.3,2.00,1.0
DeMar DeRozan," SF,PF,SG",CHI ,Healthy,29.5,4.0,6.5,0.0,1.0,.575,.667,1.5,2.5,2,36.9,5.0,10.0,4.80,3.0
Jrue Holiday," PG,SG",MIL ,Healthy,19.7,5.3,6.7,0.3,2.7,.585,.667,1.7,2.7,3,35.2,2.0,6.3,8.30,2.7
Tobias Harris," SF,PF",PHI ,Healthy,19.3,8.3,6.0,0.7,1.7,.429,.917,0.0,2.3,3,34.5,7.3,6.0,8.00,4.0
Keldon Johnson," SF,PF",SAS ,Healthy,18.7,7.3,0.7,0.0,0.7,.487,1.000,2.3,0.7,3,30.3,3.7,4.0,0.50,3.0
Gary Harris," SG,SF",ORL ,Healthy,18.3,1.7,1.7,0.3,0.3,.571,.875,2.7,1.0,3,34.9,2.3,4.0,0.50,3.0
Devonte' Graham," PG,SG",NOR ,Healthy,17.7,4.0,6.3,0.3,0.3,.357,.875,3.0,1.3,3,32.6,4.7,2.0,16.50,1.7
Patty Mills, PG,BKN ,Healthy,26.0,2.5,4.5,0.0,1.0,.548,1.000,7.0,1.5,2,35.3,2.0,1.5,0.70,2.0
Jaren Jackson," PF,C",MEM ,Healthy,17.3,4.7,2.0,1.7,0.7,.342,.808,1.0,2.0,3,27.7,7.0,3.7,4.20,3.0
Kyle Kuzma," SF,PF",WAS ,Healthy,17.3,9.0,2.7,0.7,0.3,.413,.750,1.7,1.3,3,31.6,3.0,4.7,2.50,2.3
Myles Turner," PF,C",IND ,Healthy,25.5,7.5,1.5,2.0,1.0,.639,.800,0.5,1.0,2,36.5,2.0,11.0,0.50,3.5
Cameron Johnson," SF,PF",PHO ,Healthy,17.0,6.0,1.7,0.0,1.3,.615,.889,3.7,0.3,3,27.1,2.7,1.7,0.00,1.3
Jaden McDaniels," PF,SF",MIN ,Healthy,17.0,6.7,3.0,2.0,1.0,.465,1.000,1.3,2.3,3,36.2,2.3,5.3,2.80,2.7
Derrick White," PG,SG",SAS ,Healthy,17.0,2.7,8.3,1.0,1.7,.533,.857,2.3,2.3,3,27.0,4.0,3.0,11.20,1.7
Jaylen Brown," SG,SF",BOS ,Healthy,25.5,7.0,3.5,1.0,1.0,.381,.750,2.0,4.5,2,38.3,7.5,6.0,1.70,3.5
Josh Hart," SG,SF",NOR , DTD ,25.5,7.5,4.5,0.5,2.0,.630,1.000,3.5,2.5,2,37.9,5.0,5.0,3.80,2.0
Caris LeVert," SG,SF",IND ,Healthy,25.5,6.0,10.0,1.0,2.0,.425,.800,2.5,2.0,2,37.6,6.0,6.0,12.70,4.0
Mike Conley, PG,UTH ,Healthy,17.0,5.7,4.3,0.3,1.7,.487,.750,2.0,1.0,3,29.4,3.0,4.0,5.00,1.0
Carmelo Anthony," SF,PF",LAL ,Healthy,16.7,7.7,1.3,2.0,1.3,.474,.636,2.3,1.7,3,29.0,2.3,3.7,2.00,3.0
Jaylen Nowell, SG,MIN ,Healthy,16.7,3.7,3.7,0.3,1.0,.450,.833,3.0,1.0,3,27.7,1.7,3.0,6.00,1.7
Chris Paul, PG,PHO ,Healthy,16.7,5.7,9.3,0.0,2.0,.439,.917,1.0,2.3,3,34.9,3.7,5.0,11.80,2.3
Will Barton," SG,SF",DEN ,Healthy,16.3,5.7,3.7,0.3,1.3,.419,.833,2.7,2.3,3,35.0,1.7,3.3,4.80,0.7
Chris Boucher," PF,C",TOR ,Healthy,24.5,12.0,1.0,1.0,1.0,.485,.769,3.5,2.5,2,32.9,5.0,4.5,0.40,3.5
Herbert Jones, SF,NOR ,Healthy,16.3,6.3,1.7,1.7,0.7,.500,1.000,1.3,0.7,3,33.9,3.0,4.7,0.50,3.7
Garrett Temple," PG,SG,SF",NOR ,Healthy,15.7,3.0,1.7,0.7,0.7,.600,.400,3.0,1.3,3,31.4,0.7,3.0,2.00,2.0
Gary Payton," PG,SG",GSW ,Healthy,15.7,5.7,1.7,0.3,0.7,.613,.500,2.3,1.0,3,31.0,0.7,4.0,3.00,1.3
Saddiq Bey, SF,DET ,Healthy,23.0,9.0,3.0,0.0,1.0,.414,.895,2.5,3.0,2,42.2,8.5,3.5,1.80,3.0
Rudy Gobert, C,UTH ,Healthy,15.3,13.7,1.7,3.0,1.3,.630,.667,0.0,1.7,3,31.5,4.0,5.7,1.20,3.3
Kevin Love," PF,C",CLE ,Healthy,23.0,6.5,2.5,0.0,1.0,.539,.833,6.5,1.0,2,25.2,2.5,0.5,5.00,0.0
Malik Monk," PG,SG",LAL ,Healthy,22.5,3.0,2.5,1.5,0.5,.556,1.000,3.0,1.0,2,37.5,4.5,4.5,1.50,1.0
Wendell Carter, C,ORL ,Healthy,14.7,12.0,2.0,1.0,1.7,.424,.857,1.3,2.7,3,29.4,4.0,3.3,0.80,3.7
Jalen Green, SG,HOU ,Healthy,22.0,1.5,3.0,0.5,2.0,.500,.800,5.0,2.0,2,31.6,2.0,2.5,3.00,0.5
Eric Gordon," SG,SF",HOU ,Healthy,14.7,1.3,3.7,0.3,1.0,.600,1.000,2.0,1.3,3,28.8,2.7,3.0,3.00,1.3
Terry Rozier," PG,SG",CHA ,Healthy,22.0,5.5,4.5,0.0,0.5,.469,.750,5.5,1.5,2,31.3,1.5,2.0,7.00,0.5
Aaron Wiggins," SG,SF",OKC ,Healthy,14.3,4.7,1.0,0.3,0.7,.667,.750,1.0,1.0,3,27.2,4.0,3.7,2.50,2.3
Bogdan Bogdanovic," SF,PF,SG",ATL , OUT ,14.3,4.7,3.0,0.3,0.3,.296,.769,2.3,1.3,3,35.0,3.3,2.0,3.00,2.0
Doug McDermott," SF,PF",SAS ,Healthy,14.3,4.0,1.7,0.0,0.0,.536,.625,2.7,0.7,3,22.9,1.7,2.3,2.00,2.0
Ricky Rubio, PG,CLE , OUT ,21.5,7.5,7.5,1.0,2.5,.421,1.000,2.5,1.5,2,30.1,3.0,5.5,12.00,1.5
Keita Bates-Diop," SF,PF",SAS ,Healthy,14.0,4.7,1.3,0.3,0.7,.790,.643,1.0,0.7,3,22.6,3.0,4.0,2.00,2.0
Tyrese Haliburton," PG,SG",SAC ,Healthy,21.0,3.5,8.5,1.5,2.0,.539,1.000,3.5,2.5,2,32.6,3.5,3.5,7.30,0.5
Luguentz Dort," SG,SF",OKC ,Healthy,14.0,4.7,0.7,0.0,2.0,.311,.900,1.7,2.0,3,32.4,3.0,3.0,0.80,3.0
Jimmy Butler," SF,PF,SG",MIA ,Healthy,21.0,9.5,10.0,1.0,2.5,.433,.889,0.0,3.0,2,35.3,8.0,6.5,6.30,1.0
Corey Kispert," SG,SF",WAS ,Healthy,14.0,2.3,2.0,0.3,0.3,.467,1.000,2.7,1.0,3,35.4,2.0,2.0,6.00,2.0
Kelly Oubre," SG,SF,PF",CHA ,Healthy,20.5,3.5,0.5,0.5,3.0,.482,.900,3.0,1.5,2,31.0,4.5,3.5,1.00,2.5
Lonnie Walker," SG,SF",SAS ,Healthy,13.3,2.7,2.0,0.0,0.3,.452,.875,1.7,0.3,3,23.3,2.3,3.0,3.00,2.0
Payton Pritchard, PG,BOS ,Healthy,20.0,6.5,5.5,0.5,1.0,.389,1.000,4.5,1.0,2,37.5,1.5,2.5,3.00,3.5
Nikola Vucevic, C,CHI ,Healthy,20.0,16.0,4.5,3.0,1.0,.552,.667,3.0,1.5,2,33.6,1.0,5.0,1.00,3.5
Hamidou Diallo," SG,SF",DET ,Healthy,20.0,4.5,3.5,0.5,2.5,.581,.143,1.5,4.0,2,36.9,0.5,7.5,5.30,5.0
Jordan Clarkson," PG,SG",UTH ,Healthy,13.3,6.3,5.3,0.3,1.0,.349,.800,2.0,2.3,3,27.4,1.3,3.0,10.30,1.7
DeMarcus Cousins," PF,C",MIL ,Healthy,13.3,7.0,2.0,0.7,0.3,.485,.600,0.7,0.7,3,20.3,2.0,4.7,4.00,3.3
Dwight Powell," PF,C",DAL ,Healthy,13.0,4.3,1.3,0.0,0.3,.762,.500,0.7,1.0,3,24.1,1.7,4.7,4.00,3.0
Max Strus," SG,SF",MIA , OUT ,19.5,4.0,1.5,0.0,0.5,.483,1.000,4.0,1.5,2,38.1,1.5,3.0,2.50,1.5
Frank Ntilikina," PG,SG",DAL ,Healthy,13.0,2.0,2.7,0.0,1.3,.394,1.000,2.0,1.3,3,31.8,2.3,2.3,2.70,3.3
Jock Landale, C,SAS ,Healthy,12.7,4.7,2.7,0.3,0.7,.625,.833,1.0,1.3,3,16.4,1.7,4.0,2.50,2.3
Gabe Vincent," PG,SG",MIA , OUT ,12.3,4.7,5.3,0.0,1.3,.406,1.000,2.3,1.7,3,34.2,1.3,2.0,9.00,2.0
Davis Bertans," PF,C",WAS ,Healthy,12.3,1.7,1.0,0.0,0.3,.462,1.000,3.3,0.7,3,18.9,1.0,0.7,3.00,2.0
John Collins," PF,C",ATL , OUT ,18.5,6.5,2.0,1.0,0.5,.483,.667,2.5,1.5,2,31.7,2.0,4.5,3.50,3.5
Deandre Ayton, C,PHO , OUT ,18.5,9.5,1.5,1.5,0.5,.640,.625,0.0,1.0,2,30.7,2.5,8.0,3.00,2.0
Yuta Watanabe," SF,PF",TOR ,Healthy,18.0,8.5,1.5,0.5,0.0,.577,.667,2.0,3.5,2,34.3,1.0,5.5,1.20,2.5
Nathan Knight," PF,C",MIN ,Healthy,12.0,7.0,2.3,1.0,0.3,.583,.600,0.7,1.7,3,23.2,2.0,4.0,4.00,4.0
Evan Fournier," SG,SF",NYK , OUT ,12.0,3.3,2.0,0.0,0.7,.333,1.000,2.7,1.0,3,31.4,0.7,1.7,3.50,2.0
Frank Jackson," PG,SG",DET ,Healthy,18.0,3.0,1.5,0.5,1.0,.382,.800,3.0,0.5,2,36.4,2.0,3.5,1.00,3.5
Tyrese Maxey," PG,SG",PHI ,Healthy,11.7,2.0,2.7,0.3,1.0,.368,.800,1.0,0.7,3,34.4,1.3,3.7,4.00,0.7
Joe Ingles," SG,SF,PF",UTH ,Healthy,11.7,3.0,4.7,0.3,1.0,.448,.667,2.3,2.0,3,26.9,0.7,2.0,9.50,1.0
Seth Curry," PG,SG",PHI ,Healthy,11.7,3.3,6.3,0.0,0.0,.387,1.000,2.3,2.0,3,35.6,1.3,1.7,4.70,2.0
Bobby Portis," PF,C",MIL ,Healthy,17.5,8.5,2.5,0.5,0.0,.591,1.000,3.5,3.0,2,25.5,1.0,3.0,1.50,2.5
Duncan Robinson," SG,SF",MIA ,Healthy,11.7,2.7,2.0,0.0,0.3,.344,1.000,3.3,0.0,3,28.0,1.0,0.3,0.00,2.3
Daniel Gafford," C,PF",WAS ,Healthy,11.3,8.3,1.7,0.3,0.3,.706,.909,0.0,2.0,3,28.1,3.3,4.0,2.50,2.3
Chris Duarte, SG,IND ,Healthy,17.0,3.5,2.5,0.0,1.0,.483,.250,2.5,2.5,2,35.2,0.5,4.5,2.30,1.5
Hassan Whiteside," PF,C",UTH ,Healthy,11.3,6.0,0.0,1.3,0.0,.733,.750,0.0,0.3,3,15.5,4.0,3.7,0.00,1.7
Omer Yurtseven, C,MIA ,Healthy,11.3,13.7,1.0,0.0,1.3,.457,.500,0.0,2.7,3,30.1,0.7,5.3,0.50,4.0
Lauri Markkanen," PF,C",CLE ,Healthy,17.0,6.0,1.5,0.5,1.0,.536,1.000,0.5,1.5,2,26.3,1.5,7.0,2.50,3.0
Eric Bledsoe," PG,SG",LAC ,Healthy,16.5,2.0,8.0,1.0,3.0,.448,.750,2.0,3.5,2,32.5,1.5,4.5,4.80,2.5
Alec Burks," SG,SF",NYK ,Healthy,10.7,4.0,2.3,0.0,0.3,.417,.500,2.3,1.3,3,23.4,1.7,1.0,5.50,2.7
Jakob Poeltl, C,SAS ,Healthy,10.7,6.7,3.0,0.0,0.3,.593,.000,0.0,1.7,3,21.2,0.0,5.3,3.20,4.3
Mikal Bridges," SG,SF",PHO ,Healthy,10.7,4.0,0.7,0.0,0.7,.619,1.000,1.3,0.7,3,32.8,0.7,3.0,1.00,1.3
LaMelo Ball," PG,SG",CHA ,Healthy,16.0,5.0,5.5,0.5,3.0,.478,1.000,2.5,2.0,2,24.7,2.5,3.0,8.30,3.0
Brandon Ingram," SF,PF",NOR , DTD ,15.5,4.0,3.0,0.0,0.5,.462,1.000,0.0,1.5,2,22.6,3.5,6.0,4.00,0.0
Austin Rivers," PG,SG",DEN ,Healthy,10.3,3.0,2.7,0.0,0.7,.435,1.000,3.0,1.3,3,28.7,0.7,0.3,7.50,2.3
Skylar Mays," PG,SG",ATL ,Healthy,10.3,4.0,2.3,0.0,1.0,.560,1.000,0.7,0.7,3,24.5,0.3,4.0,5.00,0.3
Brandon Knight," PG,SG",DAL , OUT ,10.0,2.3,2.7,0.0,0.3,.450,1.000,1.3,1.3,3,18.2,2.7,1.7,4.00,1.7
Furkan Korkmaz," SG,SF",PHI ,Healthy,10.0,2.7,0.3,0.0,0.7,.458,.800,1.3,0.3,3,17.6,1.3,2.3,1.00,1.0
Deni Avdija," SG,SF,PF",WAS ,Healthy,10.0,6.3,3.0,1.7,1.0,.500,.500,1.3,2.3,3,29.7,1.3,2.3,5.80,2.7
Montrezl Harrell," PF,C",WAS ,Healthy,15.0,4.0,2.5,0.0,0.5,.714,.909,0.0,0.0,2,19.8,5.0,5.0,0.00,1.5
Cameron Payne," PG,SG",PHO ,Healthy,10.0,2.0,3.3,0.3,0.0,.394,.000,1.3,1.7,3,19.9,0.0,3.0,0.40,2.0
Gorgui Dieng," PF,C",ATL , OUT ,10.0,4.7,3.3,0.3,0.3,.526,1.000,2.0,0.7,3,18.6,1.3,1.3,8.00,0.7
Harrison Barnes," SF,PF",SAC ,Healthy,14.5,5.5,2.0,1.0,0.5,.429,.600,4.0,2.0,2,32.0,1.5,0.5,2.00,0.5
Trae Young, PG,ATL ,Healthy,29.0,1.0,9.0,0.0,0.0,.348,1.000,1.0,2.0,1,39.8,12.0,7.0,4.50,1.0
Talen Horton-Tucker," SG,SF",LAL ,Healthy,9.7,3.0,2.0,0.0,0.3,.393,.778,0.0,1.7,3,29.7,2.3,3.7,4.50,3.7
Armoni Brooks, PG,HOU ,Healthy,9.3,2.7,2.0,0.0,0.7,.300,1.000,2.3,0.3,3,28.5,1.0,0.7,0.00,2.7
Pascal Siakam," PF,C",TOR ,Healthy,28.0,6.0,8.0,1.0,1.0,.524,1.000,0.0,3.0,1,41.8,6.0,11.0,2.70,4.0
Jalen McDaniels," PF,C",CHA ,Healthy,14.0,4.5,2.5,0.5,0.0,.480,.667,1.0,1.5,2,27.4,1.0,5.0,1.00,3.0
Jake Layman," SF,PF",MIN ,Healthy,9.3,4.0,1.0,0.7,1.0,.500,1.000,0.7,1.0,3,25.6,1.3,3.0,0.00,1.3
Trey Lyles," PF,C",DET ,Healthy,28.0,8.0,2.0,4.0,1.0,.539,1.000,3.0,4.0,1,37.1,11.0,4.0,0.50,4.0
Brandon Boston, SG,LAC , OUT ,13.5,3.5,3.0,0.0,0.5,.346,.750,1.5,1.5,2,30.3,3.0,3.0,5.00,0.0
DeAndre' Bembry," SF,PF",BKN ,Healthy,13.5,3.5,3.0,1.5,1.0,.800,.000,1.5,1.5,2,28.0,0.0,4.5,5.50,3.0
Jonathan Kuminga," SF,PF",GSW ,Healthy,9.0,1.7,0.0,0.0,0.0,.571,.500,1.0,0.3,3,16.1,2.7,1.7,0.00,1.0
Otto Porter," SF,PF",GSW ,Healthy,9.0,5.7,2.7,1.0,1.7,.458,.000,1.7,0.3,3,28.5,0.0,2.0,2.00,2.0
Nicolas Claxton," C,PF",BKN ,Healthy,13.5,5.5,2.5,4.0,0.0,.667,.600,0.0,0.5,2,31.3,1.5,6.0,2.00,3.0
Dorian Finney-Smith," SF,PF",DAL ,Healthy,13.0,6.0,4.0,1.5,0.0,.421,.833,2.5,0.5,2,36.2,2.5,1.5,5.00,3.5
Terence Davis," SG,SF",SAC , OUT ,13.0,4.0,1.5,1.0,0.5,.348,1.000,2.0,0.0,2,18.4,3.0,2.0,0.00,1.5
Devin Vassell," SG,SF",SAS ,Healthy,8.7,4.3,1.0,0.3,1.0,.407,.000,1.3,1.3,3,22.3,0.0,2.3,1.70,2.0
Jeremiah Robinson-Earl," SF,PF",OKC , OUT ,13.0,6.0,0.5,0.5,0.0,.500,.500,3.0,1.0,2,28.8,1.0,1.5,1.00,1.5
Ivica Zubac, C,LAC ,Healthy,13.0,10.0,0.5,1.5,0.5,.647,.667,0.0,2.0,2,24.6,2.0,5.5,0.50,2.0
Quentin Grimes, SG,NYK ,Healthy,13.0,2.0,2.0,0.5,1.5,.360,.000,4.0,0.5,2,28.3,0.0,0.5,2.00,2.5
Mitchell Robinson, C,NYK ,Healthy,8.7,9.7,0.3,2.0,0.7,.929,.000,0.0,1.0,3,29.2,0.0,4.3,1.00,3.7
Damian Lillard, PG,POR ,Healthy,26.0,2.0,5.0,1.0,0.0,.333,.929,3.0,5.0,1,36.3,13.0,2.0,1.00,1.0
Georges Niang," SF,PF",PHI ,Healthy,12.5,4.0,1.0,0.0,0.5,.563,.000,3.5,0.0,2,19.7,0.0,1.0,0.00,1.5
Delon Wright," PG,SG",ATL , OUT ,12.5,4.5,4.0,1.0,1.5,.556,.000,2.5,1.0,2,33.8,0.0,2.5,8.00,0.5
Caleb Martin, G,MIA ,Healthy,12.5,4.0,1.5,1.0,1.0,.579,.333,1.0,1.0,2,29.0,0.5,4.5,3.00,1.0
Alperen Sengun, C,HOU ,Healthy,8.3,5.3,2.0,1.7,0.3,.522,.333,0.0,2.0,3,18.9,0.3,4.0,3.80,4.0
Jayson Tatum," SF,PF",BOS , OUT ,25.0,9.0,4.0,2.0,2.0,.350,.875,4.0,4.0,1,39.8,7.0,3.0,1.00,3.0
Kenrich Williams," SF,PF",OKC ,Healthy,8.0,5.7,1.0,0.0,0.7,.455,.500,1.0,0.7,3,23.4,0.3,2.3,0.50,1.7
Jaxson Hayes, C,NOR ,Healthy,8.0,5.7,1.0,0.3,0.7,.571,1.000,0.0,1.0,3,19.4,2.7,2.7,3.00,3.7
Bruce Brown," SG,SF",BKN ,Healthy,12.0,5.5,2.5,0.0,1.5,.625,1.000,0.0,1.0,2,32.1,2.0,5.0,5.00,4.5
Marcus Morris," PF,C,SF",LAC ,Healthy,24.0,5.0,6.0,0.0,0.0,.462,1.000,4.0,1.0,1,27.1,8.0,2.0,6.00,2.0
Nemanja Bjelica, PF,GSW ,Healthy,8.0,5.7,1.7,0.3,0.0,.400,.571,1.3,0.7,3,20.1,1.3,1.3,3.00,2.7
Damian Jones, C,SAC ,Healthy,12.0,10.0,0.5,1.5,0.5,.571,.800,0.0,1.0,2,25.1,4.0,4.0,1.00,3.0
Aaron Holiday," PG,SG",WAS ,Healthy,12.0,1.5,3.0,0.0,1.0,.526,.000,2.0,0.5,2,28.0,0.0,3.0,5.00,1.5
De'Aaron Fox, PG,SAC ,Healthy,12.0,4.0,6.5,0.5,0.5,.310,.667,0.0,5.0,2,32.5,3.0,4.5,3.40,4.0
Kyle Anderson," SF,PF",MEM ,Healthy,8.0,4.7,2.0,0.7,0.7,.500,.750,1.0,1.3,3,23.0,1.0,2.0,3.30,2.7
D.J. Wilson," PF,C",TOR ,Healthy,12.0,7.0,2.0,0.5,2.5,.727,.800,0.0,1.0,2,23.4,4.0,4.0,2.00,2.5
Mike Muscala," PF,C",OKC ,Healthy,7.7,4.0,0.3,1.0,0.0,.615,1.000,1.7,0.0,3,12.4,0.7,1.0,0.00,2.0
R.J. Hampton," PG,SG",ORL , OUT ,11.5,2.0,4.5,1.0,2.0,.400,.000,1.5,0.5,2,30.0,0.0,3.5,4.00,0.5
Luka Garza, C,DET ,Healthy,11.5,4.5,1.0,0.0,0.0,.533,.714,1.0,0.5,2,12.6,2.5,3.0,2.00,3.0
Buddy Hield," SG,SF",SAC ,Healthy,11.5,2.0,0.5,0.5,0.0,.412,1.000,1.5,1.0,2,24.6,3.0,2.0,1.00,2.0
Steven Adams, C,MEM ,Healthy,7.7,10.0,5.0,0.3,0.7,.600,.714,0.0,1.3,3,27.1,1.7,3.0,8.30,2.7
Denzel Valentine," SG,SF",CLE ,Healthy,11.5,6.0,2.5,0.0,1.0,.533,.000,3.5,0.0,2,25.0,0.0,0.5,0.00,2.0
Darius Garland," PG,SG",CLE , OUT ,22.0,4.0,8.0,0.0,2.0,.529,1.000,3.0,4.0,1,29.3,1.0,6.0,2.00,0.0
Obi Toppin," SF,PF",NYK ,Healthy,7.3,3.0,1.7,0.0,0.3,.667,1.000,0.7,0.7,3,12.4,1.3,2.0,1.50,1.7
Cole Anthony, PG,ORL , OUT ,22.0,5.0,11.0,1.0,1.0,.438,.889,0.0,1.0,1,36.9,8.0,7.0,11.00,3.0
Facundo Campazzo, PG,DEN ,Healthy,7.3,2.3,5.0,0.7,2.3,.286,.750,1.3,1.3,3,27.4,2.0,0.7,13.50,3.7
Sterling Brown," SG,SF",DAL ,Healthy,7.3,5.3,2.0,0.0,0.3,.471,.000,2.0,0.7,3,23.4,0.0,0.7,3.00,2.0
Evan Mobley," C,PF",CLE ,Healthy,22.0,7.0,0.0,0.0,0.0,.750,1.000,1.0,1.0,1,30.2,3.0,8.0,0.00,3.0
Kevin Porter," SG,SF,PG",HOU ,Healthy,22.0,5.0,9.0,1.0,1.0,.471,.500,5.0,4.0,1,34.9,1.0,3.0,2.30,5.0
Pat Connaughton," SG,SF",MIL ,Healthy,7.3,5.3,1.3,0.3,0.3,.692,.000,1.3,0.7,3,23.2,0.0,1.7,3.00,0.7
Josh Christopher, SG,HOU ,Healthy,7.3,1.3,1.3,0.0,1.0,.421,.833,0.3,2.7,3,22.0,1.7,2.3,1.70,1.3
Jeff Green," SF,PF",DEN ,Healthy,7.3,3.3,0.7,1.0,0.3,.526,.500,0.3,1.0,3,24.8,0.3,3.0,2.00,2.3
Hassani Gravett," PG,SG",ORL ,Healthy,7.3,2.7,1.7,0.3,1.0,.471,.500,1.7,1.3,3,22.9,0.3,1.0,4.50,1.3
Cory Joseph, PG,DET ,Healthy,21.0,6.0,9.0,0.0,1.0,.467,1.000,5.0,4.0,1,42.1,2.0,2.0,2.30,3.0
Kyle Lowry, PG,MIA , OUT ,21.0,4.0,6.0,0.0,1.0,.600,1.000,2.0,1.0,1,37.8,1.0,7.0,6.00,5.0
Coby White," PG,SG",CHI ,Healthy,10.5,3.0,0.5,0.5,1.0,.381,1.000,1.5,1.5,2,29.2,1.0,2.5,0.50,4.5
Andrew Wiggins," SG,SF",GSW , OUT ,21.0,8.0,1.0,1.0,2.0,.400,.667,3.0,2.0,1,32.0,2.0,5.0,0.50,2.0
Nassir Little, SF,POR ,Healthy,20.0,10.0,2.0,3.0,2.0,.500,.571,2.0,0.0,1,33.9,4.0,5.0,0.00,4.0
De'Anthony Melton," PG,SG",MEM , OUT ,20.0,9.0,1.0,1.0,2.0,.615,.750,1.0,4.0,1,25.4,3.0,7.0,0.30,3.0
Kevon Looney," PF,C",GSW ,Healthy,6.7,6.7,2.3,1.0,0.3,.563,1.000,0.0,1.0,3,24.1,0.7,3.0,7.00,4.3
Juan Toscano-Anderson," SF,PF",GSW ,Healthy,6.7,2.7,3.7,0.3,1.7,.500,.375,0.3,2.0,3,22.3,1.0,2.3,3.20,2.7
Brandon Clarke," SF,PF,C",MEM ,Healthy,10.0,3.5,1.0,0.5,0.0,.800,.800,0.0,0.5,2,12.9,2.0,4.0,0.00,1.5
Naz Reid, C,MIN ,Healthy,10.0,7.5,0.5,1.0,0.5,.389,.667,1.0,0.5,2,24.0,2.0,2.5,1.00,3.0
Dean Wade," PF,C",CLE ,Healthy,10.0,4.5,2.5,0.5,0.5,.421,1.000,1.5,0.0,2,30.7,0.5,2.5,0.00,2.5
Wesley Matthews," SG,SF",MIL ,Healthy,6.3,2.3,0.7,0.3,0.0,.467,1.000,1.3,0.0,3,16.8,0.3,1.0,0.00,1.0
Gary Trent," SG,SF",TOR ,Healthy,19.0,1.0,7.0,0.0,2.0,.250,.600,4.0,3.0,1,41.3,3.0,2.0,2.30,5.0
Svi Mykhailiuk," SF,SG",TOR ,Healthy,9.5,2.5,3.5,0.5,1.5,.389,.667,1.5,1.0,2,32.5,1.0,2.0,2.00,1.5
Robert Williams," C,PF",BOS ,Healthy,9.5,12.5,2.0,3.0,0.5,.615,.750,0.0,1.5,2,30.3,1.5,4.0,2.00,4.5
Marcus Smart," PG,SG",BOS , OUT ,19.0,2.0,7.0,0.0,1.0,.429,1.000,3.0,4.0,1,40.3,4.0,3.0,1.80,3.0
D'Angelo Russell," PG,SG",MIN , OUT ,19.0,7.0,14.0,0.0,0.0,.350,1.000,4.0,3.0,1,41.2,1.0,3.0,4.70,3.0
JaMychal Green," PF,C",DEN ,Healthy,6.3,3.7,0.3,0.0,0.0,.667,.800,1.0,0.7,3,12.0,1.3,1.0,1.00,1.7
Marquese Chriss," PF,C",DAL ,Healthy,6.3,3.7,0.0,0.3,0.7,.533,.750,0.0,2.0,3,11.0,1.0,2.7,0.00,4.3
Davon Reed, SG,DEN ,Healthy,9.5,2.0,1.5,0.5,1.0,.727,.000,1.5,0.0,2,22.1,0.0,2.5,0.00,1.5
Luke Kennard," SG,SF",LAC ,Healthy,9.0,2.0,0.0,0.0,0.0,.353,.500,1.5,0.0,2,20.9,1.5,1.5,0.00,2.5
Theo Maledon, PG,OKC ,Healthy,9.0,2.5,0.5,0.0,1.0,.308,.875,1.5,0.5,2,21.6,3.5,0.5,1.00,2.0
Justin Holiday," SG,SF",IND ,Healthy,9.0,3.5,2.0,0.0,1.5,.438,.000,2.0,1.5,2,32.6,0.0,1.5,3.00,2.0
Mason Plumlee," PF,C",CHA ,Healthy,9.0,7.5,2.0,2.0,1.5,.800,.667,0.0,1.0,2,24.3,1.0,4.0,1.50,2.5
John Konchar," SG,PG",MEM ,Healthy,6.0,8.7,2.0,0.7,1.7,.500,1.000,0.7,0.3,3,24.4,0.7,1.7,2.00,1.3
Rudy Gay," SF,PF",UTH ,Healthy,6.0,4.7,1.0,0.0,0.3,.462,.800,0.7,0.7,3,18.8,1.3,1.3,3.00,2.3
Theo Pinson," SF,SG",DAL ,Healthy,6.0,3.0,0.7,0.0,0.0,.429,1.000,1.3,0.3,3,16.5,0.7,0.7,1.00,2.0
Greg Monroe," PF,C",MIN ,Healthy,9.0,7.5,5.0,2.0,1.0,.667,.667,0.0,1.5,2,23.7,1.0,4.0,7.00,3.0
Keon Johnson," SF,SG",LAC , G-League ,9.0,2.5,1.5,0.5,1.0,.353,.571,1.0,1.0,2,14.2,2.0,2.0,3.00,2.5
Bones Hyland," PG,SG",DEN ,Healthy,6.0,2.0,2.7,0.0,0.0,.241,.500,1.0,1.0,3,17.8,0.3,1.3,3.50,3.0
Jae'Sean Tate," SF,PF",HOU , OUT ,18.0,4.0,1.0,0.0,0.0,.600,.625,1.0,1.0,1,28.9,5.0,5.0,1.00,2.0
Terance Mann," SF,SG",LAC ,Healthy,8.5,4.5,4.5,0.0,0.0,.389,.000,1.5,1.0,2,31.2,0.0,2.0,4.00,3.0
Amir Coffey," SF,SG",LAC , G-League ,8.5,6.5,1.0,1.0,1.5,.333,.750,1.0,0.5,2,24.3,1.5,2.0,1.00,1.0
Trevelin Queen, G,HOU ,Healthy,17.0,6.0,0.0,0.0,4.0,.462,1.000,4.0,3.0,1,28.5,1.0,2.0,0.00,3.0
George Hill," PG,SG",MIL ,Healthy,5.7,2.0,2.0,0.3,0.3,.539,.000,1.0,0.3,3,23.8,0.0,1.3,3.00,1.3
RJ Barrett," SG,SF",NYK ,Healthy,8.5,3.0,3.5,1.0,0.0,.280,.200,1.0,2.0,2,25.0,0.5,2.5,0.80,2.0
Josh Giddey," PG,SG",OKC , OUT ,8.5,8.0,6.0,0.5,0.5,.280,.667,0.5,2.0,2,29.2,1.0,3.0,5.30,0.0
Willy Hernangomez, C,NOR ,Healthy,5.7,8.3,0.7,0.0,0.3,.227,.636,0.0,0.7,3,20.6,2.3,1.7,2.00,1.3
Jeremy Lamb," SG,SF",IND , OUT ,16.0,5.0,5.0,1.0,0.0,.546,.500,3.0,1.0,1,22.6,1.0,3.0,5.00,2.0
Stanley Johnson," PF,SF",LAL ,Healthy,8.0,3.0,1.5,0.0,1.0,.417,1.000,0.5,0.0,2,29.7,2.5,2.0,0.00,5.0
Miles Bridges," SF,PF",CHA , OUT ,16.0,5.0,3.0,0.0,0.0,.429,.750,1.0,2.0,1,26.2,3.0,5.0,1.50,2.0
Serge Ibaka," PF,C",LAC ,Healthy,8.0,4.5,2.0,1.5,0.5,.583,.500,0.5,2.0,2,16.3,0.5,3.0,2.00,3.5
David Nwaba," SG,SF",HOU ,Healthy,8.0,7.5,1.0,2.0,1.0,.375,1.000,0.5,1.0,2,28.7,1.5,2.5,0.50,2.0
Admiral Schofield," SF,PF",ORL ,Healthy,5.3,5.0,1.0,1.0,0.3,.583,.000,0.7,1.0,3,21.3,0.0,1.7,2.00,2.7
Al Horford," PF,C",BOS ,Healthy,16.0,9.0,6.0,1.0,1.0,.546,.000,4.0,1.0,1,34.4,0.0,2.0,6.00,1.0
Draymond Green," PF,C",GSW , OUT ,8.0,6.5,9.5,3.0,2.5,.467,.000,1.0,4.5,2,33.8,0.0,2.5,4.30,2.5
Gordon Hayward," SG,SF",CHA ,Healthy,8.0,3.5,3.5,0.0,2.0,.294,1.000,1.5,2.5,2,29.3,1.5,1.0,2.80,1.5
JaVale McGee, C,PHO ,Healthy,5.3,5.0,1.3,1.0,0.0,.636,1.000,0.0,1.7,3,17.5,0.7,2.3,3.50,3.3
Jae Crowder," SF,PF",PHO , OUT ,7.5,4.0,1.5,1.0,1.0,.333,.000,1.5,1.0,2,31.4,0.0,1.5,0.50,4.0
Monte Morris," PG,SG",DEN , DTD ,7.5,3.5,4.0,0.0,0.5,.286,.000,1.5,0.5,2,30.0,0.0,1.5,5.00,2.0
Javonte Green," PG,SG",CHI ,Healthy,7.5,5.0,0.5,0.5,0.0,.833,1.000,0.5,0.5,2,28.8,2.0,2.0,1.00,1.5
Norman Powell," SG,SF",POR ,Healthy,15.0,2.0,2.0,1.0,0.0,.250,.889,1.0,1.0,1,30.4,8.0,2.0,2.00,3.0
Jalen Smith," PF,C",PHO ,Healthy,15.0,9.0,0.0,0.0,1.0,.400,.833,2.0,2.0,1,29.2,5.0,2.0,0.00,1.0
Jonas Valanciunas, C,NOR ,Healthy,15.0,10.0,2.0,1.0,0.0,.364,.750,1.0,4.0,1,30.1,6.0,3.0,0.50,3.0
Matisse Thybulle," SG,SF",PHI ,Healthy,5.0,3.7,1.7,1.3,1.0,.438,.000,0.3,0.0,3,31.7,0.0,2.0,0.00,3.7
Udonis Haslem," PF,C",MIA , OUT ,7.5,5.0,0.5,0.0,0.5,.546,1.000,0.0,1.0,2,11.4,1.5,3.0,0.00,3.0
Robin Lopez, C,ORL ,Healthy,5.0,1.7,1.7,0.3,0.0,.583,.500,0.0,1.7,3,13.5,0.3,2.3,2.00,0.7
Moses Brown, C,DAL ,Healthy,5.0,4.0,0.0,0.3,0.0,.600,.500,0.0,1.3,3,9.7,1.0,2.0,0.00,2.3
Torrey Craig," SG,SF",IND ,Healthy,7.5,6.0,1.0,0.5,0.0,.546,.000,1.5,0.5,2,20.0,0.0,1.5,1.00,3.0
Grant Williams," SF,PF",BOS ,Healthy,15.0,6.0,1.0,0.0,1.0,.571,1.000,3.0,3.0,1,27.8,4.0,1.0,0.30,1.0
Jordan McLaughlin, PG,MIN ,Healthy,4.7,3.3,5.0,0.0,1.0,.263,.500,0.0,1.7,3,22.3,1.3,1.7,4.50,1.3
Matt Thomas," PG,SG",CHI ,Healthy,7.0,2.5,1.5,0.0,0.5,.444,1.000,2.0,0.0,2,19.1,1.0,0.0,0.00,0.0
Ayo Dosunmu," PG,SG",CHI ,Healthy,7.0,1.0,1.0,1.0,0.0,.700,.000,0.0,1.5,2,24.1,0.0,3.5,2.00,2.5
Avery Bradley," SG,SF",LAL ,Healthy,14.0,4.0,0.0,0.0,2.0,.462,.000,2.0,0.0,1,30.9,0.0,4.0,0.00,3.0
Zeke Nnaji," PF,C",DEN ,Healthy,7.0,2.0,0.0,0.0,0.0,.462,.500,0.0,0.5,2,18.3,1.0,3.0,0.00,2.0
Clint Capela, C,ATL ,Healthy,7.0,12.5,2.0,1.5,0.0,.400,.250,0.0,1.0,2,27.1,1.0,3.0,4.00,2.5
Domantas Sabonis," PF,C",IND ,Healthy,14.0,16.0,5.0,0.0,2.0,.294,.667,0.0,1.0,1,35.1,4.0,5.0,5.00,1.0
Tomas Satoransky," PG,SG",NOR ,Healthy,4.7,2.3,4.0,0.3,0.7,.313,.667,0.7,1.3,3,16.5,0.7,1.0,10.00,0.3
Taj Gibson," PF,C",NYK ,Healthy,4.7,4.0,0.3,0.0,0.3,.750,.500,0.3,0.0,3,13.4,0.3,1.7,0.00,1.7
Gary Clark," SF,PF",NOR ,Healthy,4.3,2.3,0.7,0.3,0.3,.308,.500,1.3,0.0,3,15.1,0.3,0.0,0.00,0.0
Dillon Brooks," SG,SF",MEM , OUT ,13.0,1.0,2.0,0.0,2.0,.400,.000,1.0,2.0,1,34.7,0.0,5.0,1.00,5.0
Onyeka Okongwu," PF,C",ATL , OUT ,13.0,8.0,3.0,3.0,1.0,.600,1.000,0.0,1.0,1,34.0,1.0,6.0,3.00,2.0
Vlatko Cancar," SF,PF",DEN , DTD ,6.5,4.5,1.0,0.0,0.0,.857,.000,0.5,0.5,2,17.2,0.0,2.5,0.00,1.5
P.J. Washington," PF,C",CHA , OUT ,13.0,9.0,5.0,2.0,0.0,.833,.000,3.0,0.0,1,26.7,0.0,2.0,0.00,4.0
Oshae Brissett," SF,PF",IND ,Healthy,6.0,5.5,1.5,0.5,0.5,.444,.800,0.0,0.0,2,24.2,2.0,2.0,0.00,1.5
Larry Nance," PF,C",POR ,Healthy,12.0,5.0,3.0,0.0,0.0,.455,1.000,1.0,1.0,1,32.4,1.0,4.0,3.00,2.0
Blake Griffin," PF,C",BKN ,Healthy,6.0,5.5,1.5,0.0,0.5,.364,.667,0.0,0.0,2,13.6,2.0,2.0,0.00,1.5
Marvin Bagley," PF,C",SAC ,Healthy,6.0,6.5,1.0,0.0,0.0,.308,.750,0.5,0.0,2,19.0,1.5,1.5,0.00,2.5
James Johnson," PF,C,SF",BKN ,Healthy,6.0,6.0,2.0,1.0,0.5,.429,.000,0.0,1.0,2,24.4,0.0,3.0,0.50,2.5
Ish Smith, PG,CHA ,Healthy,6.0,2.5,5.0,1.0,0.5,.364,1.000,1.0,1.0,2,19.1,1.0,1.0,10.00,1.5
Troy Brown," SG,SF",CHI ,Healthy,6.0,2.0,1.5,0.0,0.5,.455,.000,1.0,0.0,2,18.9,0.0,1.5,0.00,1.0
Jabari Parker," SF,PF",BOS ,Healthy,6.0,2.5,1.0,0.0,0.5,.400,1.000,1.5,1.0,2,10.8,0.5,0.5,2.00,0.5
Anfernee Simons," PG,SG",POR ,Healthy,11.0,1.0,2.0,0.0,0.0,.500,1.000,1.0,2.0,1,27.0,2.0,3.0,1.00,4.0
Cheick Diallo," PF,C",DET ,Healthy,5.5,4.5,0.0,0.0,0.5,.500,.833,0.0,0.5,2,10.9,2.5,1.5,0.00,3.0
Royce O'Neale," SF,PF",UTH ,Healthy,3.7,3.3,2.7,0.0,1.3,.286,.500,0.7,0.7,3,30.7,0.3,0.7,7.00,3.0
Romeo Langford, SG,BOS ,Healthy,5.5,2.5,1.5,2.0,3.0,.308,.500,0.5,0.0,2,30.9,1.0,1.5,0.00,2.0
Tyler Johnson," PG,SG",PHI ,Healthy,3.7,2.0,0.7,0.3,0.3,.400,.000,1.0,0.3,3,12.7,0.0,0.3,2.00,1.3
Donte DiVincenzo," PG,SG",MIL ,Healthy,5.5,4.0,0.5,0.0,0.5,.222,1.000,1.0,0.5,2,15.7,2.5,0.0,1.00,0.5
Tyus Jones, PG,MEM ,Healthy,3.7,1.0,1.7,0.0,0.7,.313,.000,0.3,0.7,3,16.6,0.0,1.3,4.00,0.3
Daishen Nix," SG,PG",HOU ,Healthy,11.0,3.0,3.0,0.0,3.0,.625,.000,1.0,3.0,1,25.5,0.0,4.0,1.00,0.0
Killian Tillie, C,MEM ,Healthy,5.0,2.5,1.0,1.0,1.0,.333,.500,0.5,0.5,2,22.7,0.5,1.5,1.00,2.0
Landry Shamet," PG,SG",PHO ,Healthy,3.3,1.3,0.3,0.0,0.7,.286,.000,0.7,0.3,3,14.0,0.0,0.7,0.00,0.7
Wayne Ellington," SG,SF",LAL ,Healthy,5.0,3.0,1.0,0.0,0.0,.308,.000,1.0,0.5,2,21.3,0.0,1.0,2.00,1.5
D.J. Augustin, PG,HOU , OUT ,10.0,1.0,1.0,0.0,1.0,.286,1.000,1.0,2.0,1,18.7,5.0,1.0,0.50,0.0
Grayson Allen," SG,SF",MIL ,Healthy,3.3,2.0,2.0,0.7,0.3,.188,1.000,0.7,0.0,3,22.5,0.7,0.3,0.00,2.0
Tre Jones, PG,SAS ,Healthy,3.3,3.0,5.0,0.0,0.0,.500,.000,0.0,0.7,3,15.6,0.0,1.7,13.00,1.3
Josh Green," SG,SF",DAL ,Healthy,9.0,4.0,10.0,0.0,2.0,.429,1.000,0.0,1.0,1,26.5,3.0,3.0,10.00,4.0
Chimezie Metu," PF,C",SAC ,Healthy,4.5,5.5,1.0,0.0,0.0,.308,.000,0.5,0.5,2,18.2,0.0,1.5,1.00,1.5
Bryn Forbes," PG,SG",SAS ,Healthy,4.5,1.0,1.0,0.0,0.5,.154,1.000,0.0,0.0,2,14.1,2.5,1.0,0.00,0.5
Dejounte Murray," PG,SG",SAS , OUT ,9.0,6.0,13.0,2.0,2.0,.188,1.000,1.0,0.0,1,32.4,2.0,2.0,0.00,1.0
Justin Anderson, SF,CLE ,Healthy,4.5,3.0,3.0,0.0,0.5,.429,1.000,0.5,1.0,2,22.3,1.0,1.0,2.00,2.0
Tim Frazier," PG,SG",ORL ,Healthy,3.0,2.3,2.7,0.0,0.0,.200,.500,0.7,1.3,3,16.6,0.3,0.3,2.30,2.7
Cassius Stanley, SG,DET ,Healthy,9.0,3.0,1.0,1.0,2.0,.600,1.000,1.0,1.0,1,19.4,2.0,2.0,1.00,2.0
KZ Okpala, SF,MIA ,Healthy,4.5,1.0,1.5,0.5,0.0,.571,.000,0.5,0.5,2,13.6,0.0,1.5,2.00,1.0
Trey Murphy," SG,SF",NOR ,Healthy,3.0,3.0,1.0,0.0,0.3,.188,1.000,0.7,0.0,3,16.6,0.3,0.3,0.00,0.3
Richaun Holmes," PF,C",SAC ,Healthy,4.5,5.0,1.0,1.5,0.5,.400,.500,0.0,0.5,2,19.0,0.5,2.0,1.00,4.5
Joshua Primo, SG,SAS , G-League ,4.5,2.5,2.0,0.0,0.5,.429,.000,1.5,1.0,2,9.8,0.0,0.0,1.00,1.5
Tremont Waters, PG,TOR ,Healthy,4.0,2.0,3.5,0.0,2.0,.250,.000,1.0,2.0,2,20.9,0.0,0.5,1.50,1.0
Isaiah Roby," C,PF",OKC ,Healthy,8.0,6.0,1.0,1.0,1.0,.429,.500,1.0,2.0,1,21.9,1.0,2.0,0.50,1.0
Xavier Tillman," PF,C",MEM ,Healthy,2.7,3.3,0.7,0.7,1.7,.333,.000,0.0,0.7,3,10.8,0.0,1.3,0.50,0.3
Jevon Carter," PG,SG",BKN ,Healthy,4.0,3.0,0.5,0.5,0.5,.250,.000,1.0,1.0,2,12.8,0.0,0.5,1.00,0.0
Charles Bassey, C,PHI ,Healthy,4.0,4.5,1.5,0.5,0.5,.750,1.000,0.0,1.0,2,9.4,1.0,1.5,1.00,1.0
Greg Brown, PF,POR ,Healthy,8.0,3.0,0.0,0.0,0.0,.750,1.000,0.0,2.0,1,11.9,2.0,3.0,0.00,3.0
Nick Richards, C,CHA ,Healthy,4.0,1.5,1.0,0.5,0.0,.667,.000,0.0,0.5,2,9.3,0.0,2.0,1.00,1.0
Devontae Cacok," PF,C",SAS , OUT ,4.0,0.5,0.0,0.5,0.5,.667,.000,0.0,0.5,2,4.7,0.0,2.0,0.00,1.5
Darius Bazley," SF,PF",OKC , OUT ,8.0,10.0,1.0,1.0,1.0,.333,1.000,1.0,1.0,1,17.7,1.0,2.0,1.00,0.0
Drew Eubanks," PF,C",SAS ,Healthy,2.7,3.7,0.3,0.7,0.0,.333,.571,0.0,0.7,3,5.5,1.3,0.7,0.00,0.7
Maurice Harkless," SF,PF",SAC ,Healthy,8.0,2.0,0.0,3.0,0.0,.750,1.000,1.0,1.0,1,18.2,1.0,2.0,0.00,1.0
Brandon Williams, G,POR ,Healthy,7.0,0.0,0.0,0.0,0.0,1.000,.600,0.0,0.0,1,6.8,3.0,2.0,0.00,0.0
Ty Jerome," PG,SG",OKC ,Healthy,3.5,1.0,2.5,0.0,0.5,.250,.000,0.5,2.0,2,15.2,0.0,1.0,2.50,1.5
CJ Elleby," SF,SG",POR ,Healthy,7.0,4.0,2.0,0.0,2.0,.286,1.000,1.0,0.0,1,25.7,2.0,1.0,0.00,5.0
Freddie Gillespie," SF,C,PF",ORL ,Healthy,2.3,3.7,0.3,1.0,0.0,.750,.500,0.0,0.7,3,11.7,0.3,1.0,0.00,2.0
Jared Harper, PG,NOR , G-League ,3.5,0.5,1.5,0.5,0.0,.429,.000,0.5,0.5,2,5.2,0.0,1.0,3.00,1.0
Moritz Wagner," PF,C",ORL ,Healthy,7.0,1.0,1.0,1.0,0.0,.286,1.000,1.0,0.0,1,10.8,2.0,1.0,0.00,3.0
Dalano Banton," SF,PG",TOR , OUT ,7.0,3.0,6.0,0.0,0.0,.250,.000,1.0,3.0,1,23.5,0.0,2.0,2.00,1.0
Daniel Oturu, C,TOR ,Healthy,3.5,2.0,0.0,1.0,0.0,.500,.600,0.0,0.0,2,12.8,1.5,1.0,0.00,0.5
Daniel Theis," PF,C",HOU ,Healthy,6.0,4.0,1.0,0.0,0.0,.375,.000,0.0,1.0,1,21.8,0.0,3.0,1.00,0.0
Jericho Sims," C,PF",NYK , OUT ,6.0,6.0,0.0,0.0,0.0,1.000,.000,0.0,0.0,1,22.1,0.0,3.0,0.00,1.0
Marcus Garrett," SG,SF",MIA ,Healthy,2.0,3.0,0.3,0.3,1.3,.167,.667,0.0,0.0,3,18.9,0.7,0.7,0.00,2.3
Kevin Pangos, G,CLE ,Healthy,3.0,0.5,4.0,0.0,0.5,.222,.000,1.0,0.0,2,12.6,0.0,0.0,0.00,0.5
Craig Sword, G,WAS ,Healthy,6.0,0.0,1.0,0.0,3.0,.750,.000,0.0,1.0,1,14.3,0.0,3.0,1.00,5.0
Justise Winslow," PF,PG,SF",LAC ,Healthy,3.0,5.0,1.0,0.0,0.0,.375,.000,0.0,0.0,2,11.3,0.0,1.5,0.00,1.5
Dwight Howard, C,LAL ,Healthy,3.0,6.0,1.0,1.0,0.0,.333,.667,0.0,0.5,2,14.0,2.0,0.5,0.00,2.0
Malachi Flynn, PG,TOR , G-League ,6.0,4.0,3.0,0.0,0.0,.167,.000,2.0,1.0,1,32.3,0.0,0.0,3.00,1.0
Lance Stephenson," SG,SF",ATL ,Healthy,2.0,1.7,1.0,0.0,0.0,.500,.000,0.0,0.7,3,9.6,0.0,1.0,3.00,2.0
Goga Bitadze, C,IND ,Healthy,6.0,2.0,0.0,1.0,0.0,.600,.000,0.0,2.0,1,10.6,0.0,3.0,0.00,1.0
Tony Snell," SG,SF",POR ,Healthy,6.0,1.0,1.0,0.0,0.0,.667,.000,2.0,0.0,1,16.6,0.0,0.0,0.00,3.0
Isaac Okoro," SG,SF",CLE ,Healthy,6.0,2.0,3.0,0.0,1.0,.333,.500,0.0,3.0,1,30.6,2.0,2.0,1.00,5.0
Tre Scott, F,CLE ,Healthy,6.0,2.0,0.0,1.0,1.0,.500,.000,0.0,0.0,1,9.4,0.0,3.0,0.00,2.0
Quinndary Weatherspoon, SG,GSW ,Healthy,6.0,1.0,0.0,1.0,1.0,1.000,.000,0.0,1.0,1,14.0,0.0,3.0,0.00,4.0
Tyler Cook," PF,C",CHI , G-League ,3.0,4.5,0.0,0.5,0.0,.750,.000,0.0,0.5,2,14.4,0.0,1.5,0.00,2.0
Immanuel Quickley, PG,NYK , OUT ,6.0,0.0,4.0,0.0,1.0,.400,.000,2.0,0.0,1,14.7,0.0,0.0,0.00,0.0
Chuma Okeke, PF,ORL ,Healthy,6.0,1.0,0.0,0.0,1.0,.333,.000,0.0,1.0,1,16.8,0.0,3.0,0.00,4.0
Paul Watson, PG,OKC , G-League ,5.0,4.0,2.0,0.0,2.0,.400,.000,1.0,0.0,1,22.3,0.0,1.0,0.00,3.0
Jordan Nwora, SF,MIL ,Healthy,5.0,8.0,0.0,1.0,2.0,.333,.000,1.0,0.0,1,27.7,0.0,1.0,0.00,0.0
Raul Neto," PG,SG",WAS , OUT ,5.0,0.0,3.0,0.0,1.0,.333,.000,1.0,2.0,1,19.4,0.0,1.0,1.50,3.0
Louis King," PF,SF",SAC , OUT ,5.0,1.0,0.0,0.0,0.0,.500,.000,1.0,0.0,1,3.0,0.0,1.0,0.00,1.0
DeAndre Jordan, C,LAL ,Healthy,5.0,4.0,0.0,0.0,0.0,.667,.500,0.0,0.0,1,6.6,1.0,2.0,0.00,0.0
Juancho Hernangomez," PF,C,SF",BOS ,Healthy,2.5,4.0,1.0,1.0,0.0,.125,.500,0.5,0.0,2,15.7,1.0,0.0,0.00,1.5
James Bouknight, SG,CHA ,Healthy,5.0,1.0,1.0,0.0,0.0,.500,.000,1.0,0.0,1,5.2,0.0,1.0,0.00,2.0
Gabriel Deck, SF,OKC , G-League ,5.0,1.0,2.0,0.0,0.0,1.000,.000,1.0,0.0,1,10.8,0.0,1.0,0.00,0.0
Paul Reed," SF,PF",PHI ,Healthy,1.7,2.3,0.7,0.3,0.3,.500,.500,0.0,0.3,3,10.4,1.0,0.3,0.00,1.7
Joe Wieskamp," SG,SF",SAS , G-League ,2.5,0.5,0.5,1.0,0.0,.667,.500,0.0,0.0,2,4.8,0.5,1.0,0.00,0.5
Juwan Morgan, F,TOR ,Healthy,5.0,4.0,1.0,0.0,0.0,.667,.000,1.0,0.0,1,27.4,0.0,1.0,0.00,3.0
Josh Okogie," SG,SF",MIN ,Healthy,2.5,2.5,0.0,1.0,0.5,.500,.000,0.5,1.0,2,10.4,0.0,0.5,0.00,1.5
Langston Galloway," PG,SG",BKN ,Healthy,2.5,1.5,1.0,0.0,0.0,.333,.000,0.5,1.5,2,13.3,0.0,0.5,1.50,2.5
Isaiah Joe, SG,PHI ,Healthy,2.5,1.5,0.5,0.5,0.0,.000,1.000,0.0,0.0,2,10.0,2.5,0.0,0.00,0.5
Alize Johnson," SF,PF",WAS ,Healthy,4.0,8.0,0.0,0.0,0.0,.400,.000,0.0,3.0,1,9.5,0.0,2.0,0.00,0.0
Josh Jackson," SG,SF",DET ,Healthy,4.0,3.0,1.0,0.0,2.0,.250,.000,0.0,2.0,1,21.3,0.0,2.0,0.50,2.0
Tre Mann," SG,PG",OKC ,Healthy,4.0,1.0,2.0,0.0,0.0,.250,.000,0.0,0.0,1,18.3,0.0,2.0,0.00,0.0
Olivier Sarr, C,OKC ,Healthy,4.0,5.0,0.0,2.0,0.0,.333,1.000,0.0,0.0,1,11.8,2.0,1.0,0.00,1.0
RJ Nembhard, G,CLE , OUT ,4.0,1.0,6.0,0.0,0.0,.500,.000,0.0,0.0,1,12.0,0.0,2.0,0.00,1.0
Anthony Gill," SF,PF",WAS , DTD ,2.0,1.0,1.0,0.0,0.0,.667,.000,0.0,0.5,2,3.9,0.0,1.0,2.00,0.5
Damyean Dotson, SG,NYK ,Healthy,4.0,1.0,1.0,0.0,0.0,.500,.000,0.0,0.0,1,16.4,0.0,2.0,0.00,0.0
Chaundee Brown, SF,ATL ,Healthy,4.0,9.0,0.0,0.0,2.0,.143,1.000,0.0,0.0,1,30.3,2.0,1.0,0.00,4.0
Nicolas Batum," SF,PF,SG",LAC , OUT ,4.0,4.0,1.0,0.0,0.0,.333,.000,0.0,1.0,1,30.0,0.0,2.0,1.00,0.0
Luke Kornet, C,CLE ,Healthy,4.0,3.0,0.0,1.0,0.0,.200,.667,0.0,0.0,1,12.9,2.0,1.0,0.00,1.0
Jalen Johnson, SF,ATL ,Healthy,2.0,3.5,0.0,0.0,0.0,.500,.000,0.0,1.0,2,9.9,0.0,1.0,0.00,1.0
Elfrid Payton, PG,PHO ,Healthy,2.0,2.0,0.5,0.0,0.5,.400,.000,0.0,1.5,2,7.8,0.0,1.0,0.50,1.5
Malcolm Hill, F,ATL ,Healthy,2.0,1.5,0.0,0.0,0.5,.000,1.000,0.0,0.0,2,8.2,2.0,0.0,0.00,1.0
Deividas Sirvydis, SF,DET ,Healthy,3.0,3.0,1.0,1.0,2.0,.125,.000,1.0,0.0,1,17.6,0.0,0.0,0.00,3.0
Garrison Mathews," SG,SF",HOU , OUT ,3.0,1.0,2.0,0.0,1.0,.200,.000,1.0,2.0,1,28.1,0.0,0.0,1.00,4.0
Tacko Fall, C,CLE , G-League ,3.0,7.0,2.0,2.0,0.0,.500,.500,0.0,1.0,1,11.2,1.0,1.0,2.00,1.0
Sam Hauser," PF,SF",BOS , OUT ,3.0,1.0,0.0,0.0,0.0,.250,.000,1.0,0.0,1,10.7,0.0,0.0,0.00,0.0
Robert Woodard, G,SAC , G-League ,3.0,0.0,0.0,0.0,0.0,1.000,.000,1.0,0.0,1,3.0,0.0,0.0,0.00,2.0
Emmanuel Mudiay, PG,SAC ,Healthy,3.0,0.0,2.0,0.0,1.0,.000,.750,0.0,1.0,1,3.0,3.0,0.0,2.00,0.0
Patrick Beverley," PG,SG",MIN ,Healthy,3.0,7.0,7.0,0.0,1.0,.000,.500,0.0,2.0,1,29.4,3.0,0.0,3.50,3.0
Myles Powell, SG,PHI ,Healthy,3.0,1.0,0.0,0.0,0.0,.500,.000,1.0,0.0,1,3.6,0.0,0.0,0.00,1.0
Cameron McGriff, F,POR ,Healthy,3.0,2.0,1.0,0.0,0.0,.200,.000,1.0,0.0,1,12.6,0.0,0.0,0.00,1.0
Charlie Brown," SF,SG",DAL ,Healthy,1.0,0.5,0.5,0.0,1.0,.250,.000,0.0,0.0,2,6.7,0.0,0.5,0.00,1.0
Tyrell Terry, PG,MEM ,Healthy,2.0,0.0,0.0,0.0,0.0,1.000,.000,0.0,0.0,1,3.0,0.0,1.0,0.00,1.0
Mason Jones, SG,LAL , G-League ,2.0,1.0,0.0,0.0,0.0,.200,.000,0.0,0.0,1,5.7,0.0,1.0,0.00,1.0
Carlik Jones, PG,DAL ,Healthy,1.0,1.0,2.0,0.0,0.0,.000,1.000,0.0,1.0,2,6.9,1.0,0.0,4.00,0.0
Xavier Moon, G,LAC ,Healthy,2.0,1.0,1.0,0.0,1.0,.500,.000,0.0,0.0,1,12.0,0.0,1.0,0.00,0.0
Isaiah Thomas, PG,DAL ,Healthy,2.0,3.0,1.0,1.0,0.0,.200,.000,0.0,0.0,1,21.4,0.0,1.0,0.00,2.0
Jarron Cumberland, G,POR ,Healthy,2.0,3.0,1.0,0.0,0.0,1.000,.000,0.0,0.0,1,6.5,0.0,1.0,0.00,2.0
Joel Ayayi," SG,SF",WAS , G-League ,2.0,1.0,1.0,0.0,0.0,.200,.000,0.0,0.0,1,4.1,0.0,1.0,0.00,0.0
Kelan Martin," SF,PF,SG",IND ,Healthy,1.0,0.5,0.0,0.0,0.5,.250,.000,0.0,0.0,2,4.7,0.0,0.5,0.00,0.5
Jahmi'us Ramsey," SG,PG",SAC , G-League ,2.0,0.0,0.0,0.0,0.0,1.000,.000,0.0,0.0,1,3.0,0.0,1.0,0.00,0.0
Aleksej Pokusevski," SF,PF",OKC , OUT ,1.0,0.5,1.0,0.5,0.5,.250,.000,0.0,0.5,2,10.1,0.0,0.5,1.00,0.5
Paul Millsap," PF,C",BKN ,Healthy,1.0,1.0,1.0,0.5,0.0,.333,.000,0.0,0.0,2,7.9,0.0,0.5,0.00,1.5
James Ennis," SG,SF",LAC ,Healthy,2.0,1.0,0.0,0.0,0.0,1.000,.000,0.0,0.0,1,1.3,0.0,1.0,0.00,0.0
Moses Moody," SF,SG",GSW , OUT ,2.0,1.0,1.0,0.0,1.0,.500,.000,0.0,1.0,1,10.9,0.0,1.0,1.00,1.0
Brad Wanamaker," PG,SG",IND ,Healthy,1.0,1.0,0.5,0.0,0.0,.000,1.000,0.0,1.0,2,8.9,1.0,0.0,0.00,0.5
Darren Collison," PG,SG",LAL ,Healthy,1.0,2.0,1.0,0.0,0.0,.200,.000,0.0,0.0,2,13.3,0.0,0.5,0.00,2.0
Chris Chiozza, PG,GSW ,Healthy,0.7,0.3,1.0,0.0,0.3,.100,.000,0.0,0.7,3,10.7,0.0,0.3,1.00,0.0
Kai Jones," C,PF",CHA ,Healthy,2.0,1.0,0.0,0.0,0.0,1.000,.000,0.0,1.0,1,2.9,0.0,1.0,0.00,0.0
Usman Garuba, PF,HOU ,Healthy,2.0,4.0,0.0,1.0,0.0,.250,.000,0.0,0.0,1,12.5,0.0,1.0,0.00,2.0
Duane Washington, PG,IND ,Healthy,2.0,2.0,2.0,0.0,0.0,.333,.000,0.0,1.0,1,10.7,0.0,1.0,2.00,0.0
Wes Iwundu," SG,SF,PF",ATL ,Healthy,2.0,5.0,0.0,0.0,0.0,.200,.000,0.0,1.0,1,23.3,0.0,1.0,0.00,2.0
JT Thor, PF,CHA ,Healthy,2.0,2.0,0.0,0.0,0.0,.000,1.000,0.0,1.0,1,3.8,2.0,0.0,0.00,0.0
Jemerrio Jones," SG,SF",LAL ,Healthy,2.0,1.0,0.0,0.0,1.0,.500,.000,0.0,0.0,1,11.6,0.0,1.0,0.00,1.0
Jaden Springer," SG,PG",PHI , G-League ,2.0,2.0,0.0,2.0,0.0,1.000,.000,0.0,1.0,1,3.6,0.0,1.0,0.00,0.0
George King," SG,SF",DAL ,Healthy,0.3,1.7,0.0,0.0,0.0,.000,.500,0.0,0.3,3,5.8,0.3,0.0,0.00,1.0
Andre Iguodala," SG,SF,PF",GSW ,Healthy,1.0,4.0,4.0,0.0,0.0,.000,.500,0.0,3.0,1,23.9,1.0,0.0,1.30,0.0
Dewayne Dedmon, C,MIA , OUT ,1.0,1.0,0.0,0.0,0.0,.000,.500,0.0,0.0,1,5.3,1.0,0.0,0.00,0.0
Cody Martin," SG,SF",CHA ,Healthy,1.0,4.0,3.0,0.0,2.0,.000,.500,0.0,0.0,1,22.3,1.0,0.0,0.00,0.0
Kawhi Leonard," SG,SF,PF",LAC , OUT ,0.0,0.0,0.0,0.0,0.0,.000,.000,0.0,0.0,0,0.0,0.0,0.0,0.00,0.0
Alex Len," PF,C",SAC ,Healthy,0.0,0.0,0.0,0.0,0.0,.000,.000,0.0,0.0,0,0.0,0.0,0.0,0.00,0.0
Ed Davis," PF,C",FA , OUT ,0.0,0.0,0.0,0.0,0.0,.000,.000,0.0,0.0,0,0.0,0.0,0.0,0.00,0.0
Danny Green," SG,SF",PHI , OUT ,0.0,0.0,0.0,0.0,0.0,.000,.000,0.0,0.0,0,0.0,0.0,0.0,0.00,0.0
Reggie Bullock," SG,SF",DAL , OUT ,0.0,0.0,0.0,0.0,0.0,.000,.000,0.0,0.0,0,0.0,0.0,0.0,0.00,0.0
Ben McLemore," SG,SF",POR , OUT ,0.0,0.0,0.0,0.0,0.0,.000,.000,0.0,0.0,0,0.0,0.0,0.0,0.00,0.0
Kelly Olynyk," PF,C",DET , OUT ,0.0,0.0,0.0,0.0,0.0,.000,.000,0.0,0.0,0,0.0,0.0,0.0,0.00,0.0
Robert Covington," PF,C,SF",POR , OUT ,0.0,0.0,0.0,0.0,0.0,.000,.000,0.0,0.0,0,0.0,0.0,0.0,0.00,0.0
Rajon Rondo, PG,LAL , OUT ,0.0,3.0,3.0,0.0,0.0,.000,.000,0.0,0.0,1,11.8,0.0,0.0,0.00,0.0
Ersan Ilyasova," SF,PF,C",CHI , OUT ,0.0,0.0,0.0,0.0,0.0,.000,.000,0.0,0.0,0,0.0,0.0,0.0,0.00,0.0
CJ McCollum," PG,SG",POR , OUT ,0.0,0.0,0.0,0.0,0.0,.000,.000,0.0,0.0,0,0.0,0.0,0.0,0.00,0.0
Nerlens Noel," PF,C",NYK , OUT ,0.0,0.0,0.0,0.0,0.0,.000,.000,0.0,0.0,0,0.0,0.0,0.0,0.00,0.0
Paul George," SF,PF,SG",LAC , OUT ,0.0,0.0,0.0,0.0,0.0,.000,.000,0.0,0.0,0,0.0,0.0,0.0,0.00,0.0
LaMarcus Aldridge," PF,C",BKN , DTD ,0.0,0.0,0.0,0.0,0.0,.000,.000,0.0,0.0,0,0.0,0.0,0.0,0.00,0.0
Markieff Morris," PF,C",MIA , OUT ,0.0,0.0,0.0,0.0,0.0,.000,.000,0.0,0.0,0,0.0,0.0,0.0,0.00,0.0
Thaddeus Young," PF,C,SF",SAS ,Healthy,0.0,0.0,0.0,0.0,0.0,.000,.000,0.0,0.0,0,0.0,0.0,0.0,0.00,0.0
Lou Williams," PG,SG",ATL , OUT ,0.0,0.0,0.0,0.0,0.0,.000,.000,0.0,0.0,0,0.0,0.0,0.0,0.00,0.0
Reggie Jackson," PG,SG",LAC , OUT ,0.0,0.0,0.0,0.0,0.0,.000,.000,0.0,0.0,0,0.0,0.0,0.0,0.00,0.0
Solomon Hill," SG,SF",ATL , OUT ,0.0,0.0,0.0,0.0,0.0,.000,.000,0.0,0.0,0,0.0,0.0,0.0,0.00,0.0
Trey Burke," PG,SG",DAL , OUT ,0.0,0.0,0.0,0.0,0.0,.000,.000,0.0,0.0,0,0.0,0.0,0.0,0.00,0.0
Khem Birch," PF,C",TOR , DTD ,0.0,0.0,0.0,0.0,0.0,.000,.000,0.0,0.0,0,0.0,0.0,0.0,0.00,0.0
Al-Farouq Aminu," SF,PF",BOS ,Healthy,0.0,0.0,0.0,0.0,0.0,.000,.000,0.0,0.0,0,0.0,0.0,0.0,0.00,0.0
Kentavious Caldwell-Pope," PG,SG,SF",WAS , DTD ,0.0,0.0,0.0,0.0,0.0,.000,.000,0.0,0.0,0,0.0,0.0,0.0,0.00,0.0
Kevin Durant," SF,PF",BKN , DTD ,0.0,0.0,0.0,0.0,0.0,.000,.000,0.0,0.0,0,0.0,0.0,0.0,0.00,0.0
Scotty Hopson, SG,OKC ,Healthy,0.0,0.0,0.0,0.0,0.0,.000,.000,0.0,0.0,0,0.0,0.0,0.0,0.00,0.0
Tim Hardaway," SG,SF",DAL , OUT ,0.0,0.0,0.0,0.0,0.0,.000,.000,0.0,0.0,0,0.0,0.0,0.0,0.00,0.0
E'Twaun Moore," PG,SG",ORL , OUT ,0.0,0.0,0.0,0.0,0.0,.000,.000,0.0,0.0,0,0.0,0.0,0.0,0.00,0.0
Danilo Gallinari," SF,PF",ATL , OUT ,0.0,0.0,0.0,0.0,0.0,.000,.000,0.0,0.0,0,0.0,0.0,0.0,0.00,0.0
Joe Harris," SG,SF",BKN , OUT ,0.0,0.0,0.0,0.0,0.0,.000,.000,0.0,0.0,0,0.0,0.0,0.0,0.00,0.0
Klay Thompson," SG,SF",GSW , OUT ,0.0,0.0,0.0,0.0,0.0,.000,.000,0.0,0.0,0,0.0,0.0,0.0,0.00,0.0
Bradley Beal," SG,SF",WAS , DTD ,0.0,0.0,0.0,0.0,0.0,.000,.000,0.0,0.0,0,0.0,0.0,0.0,0.00,0.0
Tristan Thompson," PF,C",SAC ,Healthy,0.0,0.0,0.0,0.0,0.0,.000,.000,0.0,1.0,1,7.1,0.0,0.0,0.00,1.0
Thanasis Antetokounmpo," SF,PF",MIL ,Healthy,0.0,0.0,0.0,0.0,0.0,.000,.000,0.0,0.0,1,0.7,0.0,0.0,0.00,0.0
Goran Dragic," PG,SG",TOR , OUT ,0.0,0.0,0.0,0.0,0.0,.000,.000,0.0,0.0,0,0.0,0.0,0.0,0.00,0.0
Rodney Hood," SG,SF",MIL ,Healthy,0.0,2.0,2.0,0.0,0.0,.000,.000,0.0,0.0,1,15.9,0.0,0.0,0.00,2.0
Kyrie Irving," PG,SG",BKN ,Healthy,0.0,0.0,0.0,0.0,0.0,.000,.000,0.0,0.0,0,0.0,0.0,0.0,0.00,0.0
Jerami Grant," SF,PF",DET , OUT ,0.0,0.0,0.0,0.0,0.0,.000,.000,0.0,0.0,0,0.0,0.0,0.0,0.00,0.0
Kent Bazemore," SG,SF",LAL ,Healthy,0.0,0.0,0.0,0.0,0.0,.000,.000,0.0,0.0,0,0.0,0.0,0.0,0.00,0.0
T.J. Warren," SF,PF",IND , OUT ,0.0,0.0,0.0,0.0,0.0,.000,.000,0.0,0.0,0,0.0,0.0,0.0,0.00,0.0
Andre Drummond, C,PHI ,Healthy,0.0,0.0,0.0,0.0,0.0,.000,.000,0.0,0.0,0,0.0,0.0,0.0,0.00,0.0
Aaron Gordon," SF,PF",DEN , DTD ,0.0,0.0,0.0,0.0,0.0,.000,.000,0.0,0.0,0,0.0,0.0,0.0,0.00,0.0
Michael Carter-Williams," PG,SG",ORL , OUT ,0.0,0.0,0.0,0.0,0.0,.000,.000,0.0,0.0,0,0.0,0.0,0.0,0.00,0.0
Cody Zeller, C,POR , OUT ,0.0,0.0,0.0,0.0,0.0,.000,.000,0.0,0.0,0,0.0,0.0,0.0,0.00,0.0
Dennis Schroder, PG,BOS ,Healthy,0.0,0.0,0.0,0.0,0.0,.000,.000,0.0,0.0,0,0.0,0.0,0.0,0.00,0.0
John Wall, PG,HOU , OUT ,0.0,0.0,0.0,0.0,0.0,.000,.000,0.0,0.0,0,0.0,0.0,0.0,0.00,0.0
Dario Saric," PF,C",PHO , OUT ,0.0,0.0,0.0,0.0,0.0,.000,.000,0.0,0.0,0,0.0,0.0,0.0,0.00,0.0
P.J. Tucker," PF,C,SF",MIA , OUT ,0.0,0.0,0.0,0.0,0.0,.000,.000,0.0,0.0,0,0.0,0.0,0.0,0.00,0.0
Victor Oladipo," SG,SF",MIA , OUT ,0.0,0.0,0.0,0.0,0.0,.000,.000,0.0,0.0,0,0.0,0.0,0.0,0.00,0.0
C.J. Miles," SG,SF",BOS , OUT ,0.0,0.0,0.0,0.0,0.0,.000,.000,0.0,0.0,0,0.0,0.0,0.0,0.00,0.0
Derrick Rose," PG,SG",NYK , OUT ,0.0,0.0,0.0,0.0,0.0,.000,.000,0.0,0.0,0,0.0,0.0,0.0,0.00,0.0
Enes Freedom, C,BOS , OUT ,0.0,0.0,0.0,0.0,0.0,.000,.000,0.0,0.0,0,0.0,0.0,0.0,0.00,0.0
Anthony Tolliver," SF,PF",NOR ,Healthy,0.0,0.0,0.0,0.0,0.0,.000,.000,0.0,0.0,0,0.0,0.0,0.0,0.00,0.0
Derrick Favors," C,PF",OKC , OUT ,0.0,2.0,2.0,1.0,0.0,.000,.000,0.0,0.0,1,12.5,0.0,0.0,0.00,2.0
Brook Lopez, C,MIL , OUT ,0.0,0.0,0.0,0.0,0.0,.000,.000,0.0,0.0,0,0.0,0.0,0.0,0.00,0.0
Trevor Ariza," SG,SF,PF",LAL , OUT ,0.0,0.0,0.0,0.0,0.0,.000,.000,0.0,0.0,0,0.0,0.0,0.0,0.00,0.0
Anthony Davis," PF,C",LAL , OUT ,0.0,0.0,0.0,0.0,0.0,.000,.000,0.0,0.0,0,0.0,0.0,0.0,0.00,0.0
Terrence Ross," SG,SF",ORL , OUT ,0.0,0.0,0.0,0.0,0.0,.000,.000,0.0,0.0,0,0.0,0.0,0.0,0.00,0.0
Jusuf Nurkic, C,POR ,Healthy,0.0,0.0,0.0,0.0,0.0,.000,.000,0.0,0.0,0,0.0,0.0,0.0,0.00,0.0
Kevin Huerter," SG,SF",ATL , OUT ,0.0,0.0,0.0,0.0,0.0,.000,.000,0.0,0.0,0,0.0,0.0,0.0,0.00,0.0
Frank Kaminsky," C,PF",PHO , OUT ,0.0,0.0,0.0,0.0,0.0,.000,.000,0.0,0.0,0,0.0,0.0,0.0,0.00,0.0
Naji Marshall, SF,NOR , OUT ,0.0,0.0,0.0,0.0,0.0,.000,.000,0.0,0.0,0,0.0,0.0,0.0,0.00,0.0
Isaiah Livers," SF,PF",DET , OUT ,0.0,0.0,0.0,0.0,0.0,.000,.000,0.0,0.0,0,0.0,0.0,0.0,0.00,0.0
Jared Butler, SG,UTH ,Healthy,0.0,0.0,0.0,0.0,0.0,.000,.000,0.0,0.0,0,0.0,0.0,0.0,0.00,0.0
McKinley Wright, PG,MIN ,Healthy,0.0,0.0,0.0,0.0,0.0,.000,.000,0.0,0.0,0,0.0,0.0,0.0,0.00,0.0
Kira Lewis," PG,SG",NOR , OUT ,0.0,0.0,0.0,0.0,0.0,.000,.000,0.0,0.0,0,0.0,0.0,0.0,0.00,0.0
Trendon Watford," SF,PF",POR , OUT ,0.0,0.0,0.0,0.0,0.0,.000,.000,0.0,0.0,0,0.0,0.0,0.0,0.00,0.0
Yves Pons, SF,MEM , OUT ,0.0,0.0,0.0,0.0,0.0,.000,.000,0.0,0.0,0,0.0,0.0,0.0,0.00,0.0
Sandro Mamukelashvili," PF,C",MIL ,Healthy,0.0,0.0,0.0,0.0,0.0,.000,.000,0.0,0.0,0,0.0,0.0,0.0,0.00,0.0
Saben Lee, PG,DET , OUT ,0.0,0.0,0.0,0.0,0.0,.000,.000,0.0,0.0,0,0.0,0.0,0.0,0.00,0.0
KJ Martin," SF,PF",HOU , OUT ,0.0,1.0,0.0,2.0,0.0,.000,.000,0.0,0.0,1,15.8,0.0,0.0,0.00,0.0
Isaiah Todd, PF,WAS , G-League ,0.0,2.0,0.5,0.0,0.0,.000,.000,0.0,0.0,2,7.3,0.0,0.0,0.00,0.0
Scottie Lewis, SG,CHA , OUT ,0.0,0.0,0.0,0.0,0.0,.000,.000,0.0,0.0,0,0.0,0.0,0.0,0.00,0.0
Sam Merrill," SG,PG",MEM , OUT ,0.0,0.0,0.0,0.0,0.0,.000,.000,0.0,0.0,0,0.0,0.0,0.0,0.00,0.0
Vernon Carey, C,CHA ,Healthy,0.0,0.0,0.0,0.0,0.0,.000,.000,0.0,0.0,0,0.0,0.0,0.0,0.00,0.0
Marko Simonovic," C,PF",CHI , OUT ,0.0,0.0,0.0,0.0,0.0,.000,.000,0.0,0.0,0,0.0,0.0,0.0,0.00,0.0
Leandro Bolmaro, SF,MIN ,Healthy,0.0,0.0,0.0,0.0,0.0,.000,.000,0.0,0.0,1,2.5,0.0,0.0,0.00,0.0
Terry Taylor, SG,IND ,Healthy,0.0,0.0,0.0,0.0,0.0,.000,.000,0.0,0.0,0,0.0,0.0,0.0,0.00,0.0
Trent Forrest, SG,UTH ,Healthy,0.0,2.0,1.0,0.0,0.0,.000,.000,0.0,0.5,2,10.8,0.0,0.0,2.00,0.5
Mac McClung, PG,CHI ,Healthy,0.0,0.0,0.0,0.0,0.0,.000,.000,0.0,0.0,0,0.0,0.0,0.0,0.00,0.0
Jay Huff, C,LAL , G-League ,0.0,1.0,0.0,0.0,0.0,.000,.000,0.0,1.0,1,3.8,0.0,0.0,0.00,0.0
Devon Dotson," PG,SG",CHI , G-League ,0.0,0.0,0.0,0.0,0.0,.000,.000,0.0,0.0,0,0.0,0.0,0.0,0.00,0.0
Cassius Winston, PG,WAS , G-League ,0.0,0.0,0.0,0.0,0.0,.000,.000,0.0,0.0,0,0.0,0.0,0.0,0.00,0.0
Anthony Edwards," SG,SF",MIN , DTD ,0.0,0.0,0.0,0.0,0.0,.000,.000,0.0,0.0,0,0.0,0.0,0.0,0.00,0.0
Udoka Azubuike, C,UTH , OUT ,0.0,0.0,0.0,0.0,0.0,.000,.000,0.0,0.0,0,0.0,0.0,0.0,0.00,0.0
Precious Achiuwa," SF,PF,C",TOR , DTD ,0.0,0.0,0.0,0.0,0.0,.000,.000,0.0,0.0,0,0.0,0.0,0.0,0.00,0.0
Jay Scrubb," SG,SF",LAC , OUT ,0.0,0.0,0.0,0.0,0.0,.000,.000,0.0,0.0,0,0.0,0.0,0.0,0.00,0.0
Lamar Stevens," SF,PF",CLE , DTD ,0.0,0.0,0.0,0.0,0.0,.000,.000,0.0,0.0,0,0.0,0.0,0.0,0.00,0.0
Jordan Goodwin, PG,WAS ,Healthy,0.0,0.0,0.0,0.0,0.0,.000,.000,0.0,0.0,1,2.9,0.0,0.0,0.00,0.0
Malik Fitts, SF,UTH , DTD ,0.0,0.0,0.0,0.0,0.0,.000,.000,0.0,0.0,0,0.0,0.0,0.0,0.00,0.0
Chris Smith, SF,DET , OUT ,0.0,0.0,0.0,0.0,0.0,.000,.000,0.0,0.0,0,0.0,0.0,0.0,0.00,0.0
Patrick Williams," SF,PF",CHI , OUT ,0.0,0.0,0.0,0.0,0.0,.000,.000,0.0,0.0,0,0.0,0.0,0.0,0.00,0.0
Elijah Hughes," SG,SF",UTH , G-League ,0.0,0.0,0.0,0.0,0.0,.000,.000,0.0,0.0,1,1.0,0.0,0.0,0.00,0.0
Aaron Nesmith," SG,SF",BOS , OUT ,0.0,0.0,0.0,0.0,0.0,.000,.000,0.0,0.0,0,0.0,0.0,0.0,0.00,0.0
Isaiah Stewart," PF,C",DET , OUT ,0.0,0.0,0.0,0.0,0.0,.000,.000,0.0,0.0,0,0.0,0.0,0.0,0.00,0.0
DeJon Jarreau," SG,PG",HOU ,Healthy,0.0,0.0,0.0,0.0,0.0,.000,.000,0.0,0.0,0,0.0,0.0,0.0,0.00,0.0
Feron Hunt, SF,NOR ,Healthy,0.0,0.0,0.0,0.0,0.0,.000,.000,0.0,0.0,0,0.0,0.0,0.0,0.00,0.0
Markus Howard," SG,PG",DEN , OUT ,0.0,0.0,0.0,0.0,0.0,.000,.000,0.0,0.0,0,0.0,0.0,0.0,0.00,0.0
James Wiseman, C,GSW , OUT ,0.0,0.0,0.0,0.0,0.0,.000,.000,0.0,0.0,0,0.0,0.0,0.0,0.00,0.0
Vit Krejci, PG,OKC , G-League ,0.0,0.0,0.0,0.0,0.0,.000,.000,0.0,0.0,0,0.0,0.0,0.0,0.00,0.0
Javin DeLaurier, C,MIL ,Healthy,0.0,0.0,0.0,0.0,0.0,.000,.000,0.0,0.0,0,0.0,0.0,0.0,0.00,0.0
Ish Wainright, SG,PHO , OUT ,0.0,0.0,0.0,0.0,0.0,.000,.000,0.0,0.0,0,0.0,0.0,0.0,0.00,0.0
Jose Alvarado, PG,NOR , G-League ,0.0,0.0,0.0,0.0,0.0,.000,.000,0.0,0.0,0,0.0,0.0,0.0,0.00,0.0
Justin Champagnie, SF,TOR , OUT ,0.0,0.0,0.0,0.0,0.0,.000,.000,0.0,0.0,0,0.0,0.0,0.0,0.00,0.0
Eugene Omoruyi, SG,FA , FA ,0.0,0.0,0.0,0.0,0.0,.000,.000,0.0,0.0,0,0.0,0.0,0.0,0.00,0.0
JaQuori McLaughlin," SG,PG",DAL , OUT ,0.0,0.0,0.0,0.0,0.0,.000,.000,0.0,0.0,0,0.0,0.0,0.0,0.00,0.0
Jeff Dowtin, PG,GSW , G-League ,0.0,0.0,0.0,0.0,0.0,.000,.000,0.0,0.0,0,0.0,0.0,0.0,0.00,0.0
Moses Wright, F,LAC ,Healthy,0.0,0.0,0.0,0.0,0.0,.000,.000,0.0,0.0,0,0.0,0.0,0.0,0.00,0.0
Kessler Edwards, SF,BKN , OUT ,0.0,0.0,0.0,0.0,0.0,.000,.000,0.0,0.0,0,0.0,0.0,0.0,0.00,0.0
Javonte Smart, G,MIL ,Healthy,0.0,0.0,0.0,0.0,0.0,.000,.000,0.0,0.0,0,0.0,0.0,0.0,0.00,0.0
Jamorko Pickett, F,DET , G-League ,0.0,3.5,0.5,0.0,0.0,.000,.000,0.0,0.0,2,16.6,0.0,0.0,0.00,1.5
Aleem Ford, F,ORL ,Healthy,0.0,4.5,0.5,0.0,0.0,.000,.000,0.0,0.5,2,13.7,0.0,0.0,0.00,2.0
Tyler Hall, G,NYK ,Healthy,0.0,0.0,0.0,0.0,0.0,.000,.000,0.0,0.0,1,1.9,0.0,0.0,0.00,0.0
Jordan Schakel, F,WAS ,Healthy,0.0,2.0,0.0,0.0,0.0,.000,.000,0.0,0.0,1,9.2,0.0,0.0,0.00,0.0
Malik Ellison, G,ATL , OUT ,0.0,0.0,0.0,0.0,0.0,.000,.000,0.0,0.0,0,0.0,0.0,0.0,0.00,0.0
, ,FA ,Healthy,0.0,0.0,0.0,0.0,0.0,.000,.000,0.0,0.0,0,0.0,0.0,0.0,0.00,0.0
, ,FA ,Healthy,0.0,0.0,0.0,0.0,0.0,.000,.000,0.0,0.0,0,0.0,0.0,0.0,0.00,0.0
David Duke, G,BKN , OUT ,0.0,0.0,0.0,0.0,0.0,.000,.000,0.0,0.0,0,0.0,0.0,0.0,0.00,0.0
Xavier Sneed, SG,MEM ,Healthy,0.0,0.0,0.0,0.0,0.0,.000,.000,0.0,0.0,0,0.0,0.0,0.0,0.00,0.0
Jason Preston, PG,LAC , OUT ,0.0,0.0,0.0,0.0,0.0,.000,.000,0.0,0.0,0,0.0,0.0,0.0,0.00,0.0
Cam Thomas, SG,BKN ,Healthy,0.0,0.0,0.0,0.0,0.0,.000,.000,0.0,0.0,0,0.0,0.0,0.0,0.00,0.0
Brodric Thomas, SG,BOS ,Healthy,0.0,0.0,0.0,0.0,0.0,.000,.000,0.0,0.0,0,0.0,0.0,0.0,0.00,0.0
Ade Murkey, G,SAC ,Healthy,0.0,0.0,0.0,0.0,0.0,.000,.000,0.0,0.0,0,0.0,0.0,0.0,0.00,0.0
Cade Cunningham," PG,SG",DET , OUT ,0.0,0.0,0.0,0.0,0.0,.000,.000,0.0,0.0,0,0.0,0.0,0.0,0.00,0.0
Jalen Suggs," PG,SG",ORL , OUT ,0.0,0.0,0.0,0.0,0.0,.000,.000,0.0,0.0,0,0.0,0.0,0.0,0.00,0.0
Scottie Barnes," SF,PF",TOR , OUT ,0.0,0.0,0.0,0.0,0.0,.000,.000,0.0,0.0,0,0.0,0.0,0.0,0.00,0.0
Ziaire Williams," SF,SG",MEM , OUT ,0.0,0.0,0.0,0.0,0.0,.000,.000,0.0,0.0,0,0.0,0.0,0.0,0.00,0.0
Davion Mitchell," SG,PG",SAC , OUT ,0.0,0.0,0.0,0.0,0.0,.000,.000,0.0,0.0,0,0.0,0.0,0.0,0.00,0.0
Santi Aldama," PF,C",MEM , OUT ,0.0,0.0,0.0,0.0,0.0,.000,.000,0.0,0.0,0,0.0,0.0,0.0,0.00,0.0
David Johnson," SG,PG",TOR , OUT ,0.0,0.0,0.0,0.0,0.0,.000,.000,0.0,0.0,0,0.0,0.0,0.0,0.00,0.0
Austin Reaves, SG,LAL ,Healthy,0.0,0.0,0.0,0.0,0.0,.000,.000,0.0,0.0,0,0.0,0.0,0.0,0.00,0.0
Neemias Queta, C,SAC , OUT ,0.0,0.0,0.0,0.0,0.0,.000,.000,0.0,0.0,0,0.0,0.0,0.0,0.00,0.0
Miles McBride, PG,NYK ,Healthy,0.0,0.0,0.0,0.0,0.0,.000,.000,0.0,0.0,0,0.0,0.0,0.0,0.00,0.0
Day'Ron Sharpe," PF,C",BKN , OUT ,0.0,0.0,0.0,0.0,0.0,.000,.000,0.0,0.0,0,0.0,0.0,0.0,0.00,0.0
Isaiah Jackson, PF,IND ,Healthy,0.0,0.0,0.0,1.0,0.0,.000,.000,0.0,0.0,1,1.8,0.0,0.0,0.00,0.0
Sharife Cooper, PG,ATL , OUT ,0.0,0.0,0.0,0.0,0.0,.000,.000,0.0,0.0,0,0.0,0.0,0.0,0.00,0.0
Aaron Henry, SF,PHI ,Healthy,0.0,0.0,0.0,1.0,0.0,.000,.000,0.0,1.0,1,3.6,0.0,0.0,0.00,0.0
Karl-Anthony Towns, C,MIN , OUT ,0.0,0.0,0.0,0.0,0.0,.000,.000,0.0,0.0,0,0.0,0.0,0.0,0.00,0.0
Killian Hayes," PG,SG",DET , OUT ,0.0,0.0,0.0,0.0,0.0,.000,.000,0.0,0.0,0,0.0,0.0,0.0,0.00,0.0
Keljin Blevins," PG,SF",POR , OUT ,0.0,0.0,0.0,0.0,0.0,.000,.000,0.0,0.0,0,0.0,0.0,0.0,0.00,0.0
Markelle Fultz," PG,SG",ORL , OUT ,0.0,0.0,0.0,0.0,0.0,.000,.000,0.0,0.0,0,0.0,0.0,0.0,0.00,0.0
Lonzo Ball," PG,SG",CHI , OUT ,0.0,0.0,0.0,0.0,0.0,.000,.000,0.0,0.0,0,0.0,0.0,0.0,0.00,0.0
Jonathan Isaac," SF,PF",ORL , OUT ,0.0,0.0,0.0,0.0,0.0,.000,.000,0.0,0.0,0,0.0,0.0,0.0,0.00,0.0
Dennis Smith, PG,POR , OUT ,0.0,0.0,0.0,0.0,0.0,.000,.000,0.0,0.0,0,0.0,0.0,0.0,0.00,0.0
Zach Collins," PF,C",SAS , OUT ,0.0,0.0,0.0,0.0,0.0,.000,.000,0.0,0.0,0,0.0,0.0,0.0,0.00,0.0
Justin Jackson," SF,PF",BOS , OUT ,0.0,0.0,0.0,0.0,0.0,.000,.000,0.0,0.0,0,0.0,0.0,0.0,0.00,0.0
Jarrett Allen, C,CLE , DTD ,0.0,0.0,0.0,0.0,0.0,.000,.000,0.0,0.0,0,0.0,0.0,0.0,0.00,0.0
Shaquille Harrison," SG,SF,PG",BKN ,Healthy,0.0,0.0,0.0,0.0,0.0,.000,.000,0.0,0.0,1,1.3,0.0,0.0,0.00,0.0
OG Anunoby," SF,PF",TOR , OUT ,0.0,0.0,0.0,0.0,0.0,.000,.000,0.0,0.0,0,0.0,0.0,0.0,0.00,0.0
Isaiah Hartenstein," PF,C",LAC , OUT ,0.0,0.0,0.0,0.0,0.0,.000,.000,0.0,0.0,0,0.0,0.0,0.0,0.00,0.0
Semi Ojeleye," SF,PF",MIL ,Healthy,0.0,0.0,1.0,0.0,0.0,.000,.000,0.0,0.0,1,9.6,0.0,0.0,0.00,1.0
Tony Bradley, C,CHI , OUT ,0.0,0.0,0.0,0.0,0.0,.000,.000,0.0,0.0,0,0.0,0.0,0.0,0.00,0.0
PJ Dozier," PG,SG,SF",DEN , OUT ,0.0,0.0,0.0,0.0,0.0,.000,.000,0.0,0.0,0,0.0,0.0,0.0,0.00,0.0
Thomas Bryant, C,WAS , OUT ,0.0,0.0,0.0,0.0,0.0,.000,.000,0.0,0.0,0,0.0,0.0,0.0,0.00,0.0
Alfonzo McKinnie," SF,PF",CHI , OUT ,0.0,0.0,0.0,0.0,0.0,.000,.000,0.0,0.0,0,0.0,0.0,0.0,0.00,0.0
Alex Caruso," PG,SG",CHI , OUT ,0.0,0.0,0.0,0.0,0.0,.000,.000,0.0,0.0,0,0.0,0.0,0.0,0.00,0.0
Bam Adebayo," PF,C",MIA , OUT ,0.0,0.0,0.0,0.0,0.0,.000,.000,0.0,0.0,0,0.0,0.0,0.0,0.00,0.0
Derrick Walton, PG,DET ,Healthy,0.0,4.0,6.0,2.0,1.0,.000,.000,0.0,2.0,1,31.2,0.0,0.0,3.00,3.0
Derrick Jones," SG,SF",CHI ,Healthy,0.0,0.0,0.0,0.0,0.0,.000,.000,0.0,0.0,0,0.0,0.0,0.0,0.00,0.0
Damion Lee," SG,SF",GSW , OUT ,0.0,0.0,0.0,0.0,0.0,.000,.000,0.0,0.0,0,0.0,0.0,0.0,0.00,0.0
Willie Cauley-Stein," PF,C",DAL , OUT ,0.0,0.0,0.0,0.0,0.0,.000,.000,0.0,0.0,0,0.0,0.0,0.0,0.00,0.0
Cedi Osman," SF,PF",CLE ,Healthy,0.0,0.0,0.0,0.0,0.0,.000,.000,0.0,0.0,0,0.0,0.0,0.0,0.00,0.0
Josh Richardson," SG,SF",BOS ,Healthy,0.0,0.0,0.0,0.0,0.0,.000,.000,0.0,0.0,0,0.0,0.0,0.0,0.00,0.0
T.J. McConnell," PG,SG",IND , OUT ,0.0,0.0,0.0,0.0,0.0,.000,.000,0.0,0.0,0,0.0,0.0,0.0,0.00,0.0
Boban Marjanovic, C,DAL , OUT ,0.0,1.0,0.0,0.0,0.0,.000,.000,0.0,1.0,1,2.7,0.0,0.0,0.00,1.0
Ben Simmons, PG,PHI , OUT ,0.0,0.0,0.0,0.0,0.0,.000,.000,0.0,0.0,0,0.0,0.0,0.0,0.00,0.0
Jamal Murray," PG,SG",DEN , OUT ,0.0,0.0,0.0,0.0,0.0,.000,.000,0.0,0.0,0,0.0,0.0,0.0,0.00,0.0
Anthony Barber, PG,ATL ,Healthy,0.0,0.5,1.0,0.0,0.0,.000,.000,0.0,0.5,2,3.1,0.0,0.0,1.00,0.0
Petr Cornelie, PF,DEN , G-League ,0.0,0.0,0.0,0.0,0.0,.000,.000,0.0,0.0,0,0.0,0.0,0.0,0.00,0.0
Taurean Prince," SF,PF",MIN , DTD ,0.0,0.0,0.0,0.0,0.0,.000,.000,0.0,0.0,0,0.0,0.0,0.0,0.00,0.0
Rodney McGruder," SG,SF",DET ,Healthy,0.0,0.0,0.0,0.0,0.0,.000,.000,0.0,0.0,0,0.0,0.0,0.0,0.00,0.0
Abdel Nader," SF,PF",PHO , OUT ,0.0,0.0,0.0,0.0,0.0,.000,.000,0.0,0.0,0,0.0,0.0,0.0,0.00,0.0
Malcolm Brogdon," PG,SG",IND , OUT ,0.0,0.0,0.0,0.0,0.0,.000,.000,0.0,0.0,0,0.0,0.0,0.0,0.00,0.0
Danuel House," SF,PF,SG",NYK , OUT ,0.0,0.0,0.0,0.0,0.0,.000,.000,0.0,0.0,1,3.4,0.0,0.0,0.00,0.0
Fred VanVleet," PG,SG",TOR , OUT ,0.0,0.0,0.0,0.0,0.0,.000,.000,0.0,0.0,0,0.0,0.0,0.0,0.00,0.0
Wayne Selden," SG,SF",NYK , OUT ,0.0,0.0,0.0,0.0,0.0,.000,.000,0.0,0.0,0,0.0,0.0,0.0,0.00,0.0
Timothe Luwawu-Cabarrot," SG,SF",ATL , OUT ,0.0,0.0,0.0,0.0,0.0,.000,.000,0.0,0.0,0,0.0,0.0,0.0,0.00,0.0
Shaq Buchanan, G,MEM ,Healthy,0.0,0.0,1.0,0.0,0.0,.000,.000,0.0,1.0,1,3.0,0.0,0.0,1.00,1.0
Maxi Kleber," PF,C",DAL , OUT ,0.0,0.0,0.0,0.0,0.0,.000,.000,0.0,0.0,0,0.0,0.0,0.0,0.00,0.0
Luka Doncic," PG,SG",DAL , OUT ,0.0,0.0,0.0,0.0,0.0,.000,.000,0.0,0.0,0,0.0,0.0,0.0,0.00,0.0
Nickeil Alexander-Walker," SG,SF,PG",NOR , OUT ,0.0,0.0,0.0,0.0,0.0,.000,.000,0.0,0.0,0,0.0,0.0,0.0,0.00,0.0
Bruno Fernando, C,BOS , OUT ,0.0,0.0,0.0,0.0,0.0,.000,.000,0.0,0.0,0,0.0,0.0,0.0,0.00,0.0
Luka Samanic, PF,NYK , G-League ,0.0,0.0,0.0,0.0,0.0,.000,.000,0.0,0.0,0,0.0,0.0,0.0,0.00,0.0
Dylan Windler," SF,SG",CLE , OUT ,0.0,0.0,0.0,0.0,0.0,.000,.000,0.0,0.0,0,0.0,0.0,0.0,0.00,0.0
Jordan Poole," PG,SG",GSW ,Healthy,0.0,0.0,0.0,0.0,0.0,.000,.000,0.0,0.0,0,0.0,0.0,0.0,0.00,0.0
Eric Paschall," PF,C",UTH ,Healthy,0.0,0.0,0.0,0.0,0.0,.000,.000,0.0,0.0,1,1.0,0.0,0.0,0.00,0.0
Miye Oni," SG,SF",UTH ,Healthy,0.0,0.0,0.0,0.0,0.0,.000,.000,0.0,0.0,0,0.0,0.0,0.0,0.00,0.0
Rui Hachimura," SF,PF",WAS , OUT ,0.0,0.0,0.0,0.0,0.0,.000,.000,0.0,0.0,0,0.0,0.0,0.0,0.00,0.0
Ignas Brazdeikis," SF,PF",ORL ,Healthy,0.0,1.0,0.0,0.0,0.0,.000,.000,0.0,0.0,1,5.2,0.0,0.0,0.00,1.0
Didi Louzada," SF,C,SG",NOR , SUS ,0.0,0.0,0.0,0.0,0.0,.000,.000,0.0,0.0,0,0.0,0.0,0.0,0.00,0.0
Justin Robinson, PG,DET ,Healthy,0.0,0.0,0.0,0.0,0.0,.000,.000,0.0,0.0,0,0.0,0.0,0.0,0.00,0.0
Rayjon Tucker, SF,MIN ,Healthy,0.0,0.0,0.0,0.0,0.0,.000,.000,0.0,0.0,0,0.0,0.0,0.0,0.00,0.0
Chris Silva," PF,C",MIN ,Healthy,0.0,1.0,0.0,0.0,0.0,.000,.000,0.0,0.0,1,3.5,0.0,0.0,0.00,0.0
Mychal Mulder," PG,SG",ORL , OUT ,0.0,0.0,0.0,0.0,0.0,.000,.000,0.0,0.0,0,0.0,0.0,0.0,0.00,0.0
Matt Mooney, PG,NYK , NWT ,0.0,0.0,0.0,0.0,1.0,.000,.000,0.0,1.0,1,1.9,0.0,0.0,0.00,0.0
Zylan Cheatham, SF,MIA , OUT ,0.0,0.0,0.0,0.0,0.0,.000,.000,0.0,0.0,0,0.0,0.0,0.0,0.00,0.0
Justin James," SG,SF",NOR ,Healthy,0.0,0.0,0.0,0.0,0.0,.000,.000,0.0,0.0,0,0.0,0.0,0.0,0.00,0.0
Mo Bamba, C,ORL , OUT ,0.0,0.0,0.0,0.0,0.0,.000,.000,0.0,0.0,0,0.0,0.0,0.0,0.00,0.0
Bol Bol," PF,C",DEN , DTD ,0.0,0.0,0.0,0.0,0.0,.000,.000,0.0,0.0,0,0.0,0.0,0.0,0.00,0.0
De'Andre Hunter," SF,PF",ATL , OUT ,0.0,0.0,0.0,0.0,0.0,.000,.000,0.0,0.0,0,0.0,0.0,0.0,0.00,0.0
Michael Porter," SF,PF",DEN , OUT ,0.0,0.0,0.0,0.0,0.0,.000,.000,0.0,0.0,0,0.0,0.0,0.0,0.00,0.0
Kevin Knox," SF,PF",NYK ,Healthy,0.0,0.0,0.0,0.0,0.0,.000,.000,0.0,0.0,0,0.0,0.0,0.0,0.00,0.0
Collin Sexton," PG,SG",CLE , OUT ,0.0,0.0,0.0,0.0,0.0,.000,.000,0.0,0.0,0,0.0,0.0,0.0,0.00,0.0
Chandler Hutchison," SF,PF",PHO ,Healthy,0.0,0.0,0.0,0.0,0.0,.000,.000,0.0,0.0,0,0.0,0.0,0.0,0.00,0.0
Joe Johnson," SF,PF,SG",BOS ,Healthy,0.0,0.0,0.0,0.0,0.0,.000,.000,0.0,0.0,0,0.0,0.0,0.0,0.00,0.0
Jarred Vanderbilt," PF,C",MIN , OUT ,0.0,0.0,0.0,0.0,0.0,.000,.000,0.0,0.0,0,0.0,0.0,0.0,0.00,0.0
Isaac Bonga," SF,PF",TOR , OUT ,0.0,0.0,0.0,0.0,0.0,.000,.000,0.0,0.0,0,0.0,0.0,0.0,0.00,0.0
Jarrett Culver," PG,SG,SF",MEM , OUT ,0.0,0.0,0.0,0.0,0.0,.000,.000,0.0,0.0,0,0.0,0.0,0.0,0.00,0.0
Shake Milton," PG,SG",PHI , DTD ,0.0,0.0,0.0,0.0,0.0,.000,.000,0.0,0.0,0,0.0,0.0,0.0,0.00,0.0
Wenyen Gabriel," PF,SF",BKN ,Healthy,0.0,1.0,0.0,0.0,0.0,.000,.000,0.0,0.0,1,1.3,0.0,0.0,0.00,0.0
Norvel Pelle, C,BOS ,Healthy,0.0,0.0,0.0,0.0,0.0,.000,.000,0.0,0.0,0,0.0,0.0,0.0,0.00,0.0
Emanuel Terry, PF,PHO ,Healthy,0.0,0.0,0.0,0.0,0.0,.000,.000,0.0,0.0,0,0.0,0.0,0.0,0.00,0.0
B.J. Johnson, SF,ORL ,Healthy,0.0,2.0,0.0,0.0,0.0,.000,.000,0.0,0.0,1,7.9,0.0,0.0,0.00,0.0
Kendrick Nunn," PG,SG",LAL , OUT ,0.0,0.0,0.0,0.0,0.0,.000,.000,0.0,0.0,0,0.0,0.0,0.0,0.00,0.0
Zion Williamson, PF,NOR , OUT ,0.0,0.0,0.0,0.0,0.0,.000,.000,0.0,0.0,0,0.0,0.0,0.0,0.00,0.0
Arnoldas Kulboka, SF,CHA , G-League ,0.0,0.0,0.0,0.0,0.0,.000,.000,0.0,0.0,0,0.0,0.0,0.0,0.00,0.0
Rob Edwards, G,OKC ,Healthy,0.0,0.0,0.0,0.0,0.0,.000,.000,0.0,0.0,0,0.0,0.0,0.0,0.00,0.0
