Player,Pos,Age,Tm,G,GS,MP,FG,FGA,FG%,3P,3PA,3P%,2P,2PA,2P%,eFG%,FT,FTA,FT%,ORB,DRB,TRB,AST,STL,BLK,TOV,PF,PTS
Steven Adams,C,28,MEM,27,27,24.9,2.6,4.9,.527,0.0,0.0,,2.6,4.9,.527,.527,1.9,3.0,.610,3.9,4.9,8.7,2.7,0.8,0.7,1.7,1.7,7.0
Bam Adebayo,C,24,MIA,18,18,32.9,7.0,13.5,.519,0.0,0.1,.000,7.0,13.4,.521,.519,4.7,6.2,.759,2.7,7.4,10.2,3.2,1.1,0.3,2.9,3.3,18.7
Santi Aldama,PF,21,MEM,15,0,9.9,1.5,4.3,.359,0.2,1.8,.111,1.3,2.5,.541,.383,0.4,0.7,.600,1.1,1.7,2.7,0.8,0.1,0.2,0.3,1.0,3.7
LaMarcus Aldridge,C,36,BRK,25,8,23.6,6.0,10.4,.573,0.4,1.2,.367,5.5,9.2,.600,.594,1.6,1.9,.833,1.4,4.3,5.7,0.9,0.4,1.2,0.8,1.7,14.0
Nickeil Alexander-Walker,SG,23,NOP,29,18,28.4,5.1,13.9,.367,2.1,6.7,.311,3.0,7.2,.419,.442,1.4,1.8,.769,1.0,2.8,3.9,2.6,1.0,0.4,1.5,1.9,13.7
Grayson Allen,SG,26,MIL,27,27,28.7,4.5,10.0,.448,3.0,7.1,.417,1.5,2.9,.526,.596,1.1,1.3,.853,0.5,3.1,3.6,1.3,0.7,0.3,0.7,1.4,13.0
Jarrett Allen,C,23,CLE,25,25,33.3,7.0,10.0,.707,0.0,0.2,.167,7.0,9.7,.720,.709,3.2,4.5,.708,3.2,8.0,11.2,1.8,1.0,1.4,2.0,1.8,17.3
Jose Alvarado,PG,23,NOP,8,0,5.1,0.6,1.6,.385,0.3,0.6,.400,0.4,1.0,.375,.462,0.3,0.4,.667,0.3,0.4,0.6,1.1,0.5,0.0,0.1,0.4,1.8
Kyle Anderson,PF,28,MEM,23,3,21.7,3.2,7.3,.443,0.8,2.3,.358,2.4,5.0,.482,.500,0.9,1.4,.636,1.0,4.2,5.3,2.5,0.9,0.6,1.0,1.5,8.2
Giannis Antetokounmpo,PF,27,MIL,25,25,32.6,9.6,18.2,.531,1.1,3.9,.289,8.5,14.3,.597,.562,6.9,10.2,.678,2.1,9.6,11.7,5.9,1.1,1.6,3.3,3.1,27.3
Thanasis Antetokounmpo,SF,29,MIL,20,5,12.9,1.5,3.1,.484,0.0,0.3,.000,1.5,2.8,.536,.484,0.5,0.9,.588,1.1,2.1,3.2,0.8,0.5,0.2,0.7,1.8,3.5
Carmelo Anthony,PF,37,LAL,28,3,27.7,4.5,10.5,.432,2.4,5.9,.412,2.1,4.6,.457,.548,2.0,2.5,.814,0.8,3.3,4.1,0.9,0.7,0.6,0.8,2.4,13.5
Cole Anthony,PG,21,ORL,22,22,34.1,7.0,16.6,.425,2.9,7.7,.376,4.1,8.9,.467,.512,3.5,4.0,.874,0.5,5.6,6.1,5.6,0.9,0.2,3.0,2.5,20.5
OG Anunoby,SF,24,TOR,15,15,37.3,7.6,17.7,.430,2.7,7.5,.366,4.9,10.2,.477,.508,2.2,2.7,.825,1.6,3.8,5.4,2.7,1.5,0.6,1.7,2.7,20.1
D.J. Augustin,PG,34,HOU,22,1,13.8,1.3,3.2,.414,0.9,2.2,.408,0.4,1.0,.429,.557,0.7,0.8,.889,0.1,0.9,1.0,2.5,0.2,0.0,1.3,0.6,4.3
Deni Avdija,SF,21,WAS,27,1,21.4,2.3,5.4,.422,0.8,2.5,.309,1.5,2.9,.519,.493,0.8,1.2,.656,0.9,4.0,4.9,1.2,0.5,0.8,0.5,2.1,6.1
Joel Ayayi,SG,21,WAS,5,0,2.6,0.0,0.0,,0.0,0.0,,0.0,0.0,,,0.0,0.0,,0.0,0.4,0.4,0.6,0.0,0.0,0.0,0.0,0.0
Deandre Ayton,C,23,PHO,18,18,30.9,7.3,11.9,.614,0.1,0.3,.200,7.3,11.7,.624,.616,1.6,2.6,.617,3.0,8.1,11.1,1.5,0.8,0.7,1.8,2.3,16.3
Udoka Azubuike,C,22,UTA,4,0,2.0,0.3,0.3,1.000,0.0,0.0,,0.3,0.3,1.000,1.000,0.0,0.0,,0.3,0.8,1.0,0.0,0.0,0.0,0.3,0.0,0.5
Marvin Bagley III,PF,22,SAC,12,1,19.1,3.0,6.2,.486,0.6,1.9,.304,2.4,4.3,.569,.534,1.2,1.8,.667,2.1,4.3,6.3,0.7,0.2,0.3,0.6,1.1,7.8
LaMelo Ball,PG,20,CHO,24,24,33.3,7.3,17.3,.418,2.9,7.5,.391,4.3,9.9,.439,.502,2.6,2.9,.900,1.5,6.2,7.7,8.3,1.9,0.4,3.3,3.1,20.0
Lonzo Ball,PG,24,CHI,27,27,35.5,4.6,11.2,.413,3.1,7.3,.421,1.6,3.9,.396,.550,0.4,0.6,.706,1.0,4.5,5.5,4.9,1.7,1.0,2.5,2.3,12.8
Mo Bamba,C,23,ORL,27,27,28.7,4.2,9.1,.457,1.3,4.0,.324,2.9,5.1,.561,.528,0.7,0.9,.720,2.3,6.3,8.6,1.7,0.7,2.2,1.4,2.6,10.3
Desmond Bane,SF,23,MEM,27,27,29.1,6.3,13.5,.463,2.6,6.6,.399,3.6,6.9,.524,.560,1.3,1.4,.919,0.5,3.7,4.3,2.1,1.0,0.4,1.5,2.5,16.4
Dalano Banton,SF,22,TOR,26,0,12.8,1.6,3.6,.452,0.2,0.8,.300,1.4,2.8,.493,.484,0.7,0.9,.750,0.7,1.7,2.3,1.6,0.4,0.2,1.0,1.4,4.2
Harrison Barnes,PF,29,SAC,22,22,33.9,5.5,11.8,.465,1.9,4.7,.394,3.6,7.1,.513,.544,5.2,6.2,.838,1.4,5.4,6.8,2.4,1.0,0.1,2.0,1.4,18.0
Scottie Barnes,PF,20,TOR,24,24,36.0,6.2,12.7,.489,0.7,2.1,.340,5.5,10.6,.518,.516,2.0,2.7,.723,2.9,5.4,8.3,3.3,1.2,0.9,2.0,2.8,15.1
RJ Barrett,SF,21,NYK,25,25,31.4,5.4,13.3,.402,1.9,5.3,.353,3.5,8.0,.435,.473,2.5,3.4,.733,0.8,4.8,5.6,2.1,0.4,0.3,1.7,2.0,15.1
Will Barton,SG,31,DEN,23,23,33.8,6.3,14.3,.445,2.6,6.7,.392,3.7,7.6,.491,.537,1.0,1.4,.727,0.6,4.5,5.1,4.2,0.9,0.4,1.8,1.4,16.3
Charles Bassey,PF,21,PHI,11,0,7.8,1.3,1.8,.700,0.0,0.3,.000,1.3,1.5,.824,.700,0.5,0.6,.714,0.9,1.7,2.6,0.2,0.2,0.7,0.4,1.0,3.0
Keita Bates-Diop,SF,26,SAS,20,5,14.3,1.6,3.4,.456,0.2,0.8,.200,1.4,2.7,.528,.478,0.5,0.8,.625,0.9,2.6,3.5,0.4,0.5,0.3,0.8,0.8,3.8
Nicolas Batum,PF,33,LAC,15,14,26.7,3.3,6.5,.515,2.1,4.9,.432,1.2,1.5,.783,.680,0.3,0.7,.500,0.5,4.7,5.2,1.5,1.1,0.8,0.8,1.1,9.1
Kent Bazemore,SF,32,LAL,19,13,18.6,1.5,4.4,.333,0.7,2.3,.318,0.7,2.1,.350,.417,0.5,0.7,.769,0.3,1.6,1.9,0.8,0.8,0.3,0.4,2.2,4.2
Darius Bazley,PF,21,OKC,26,26,27.6,3.3,8.8,.376,1.0,3.6,.287,2.3,5.2,.437,.434,1.1,1.8,.630,0.9,5.6,6.5,1.3,0.9,1.2,1.4,0.9,8.8
Bradley Beal,SG,28,WAS,24,24,35.9,8.6,19.5,.442,1.5,5.5,.263,7.2,14.0,.513,.480,3.8,4.5,.850,1.0,3.8,4.8,5.7,0.9,0.3,3.5,2.2,22.5
Malik Beasley,SG,25,MIN,27,0,25.7,3.9,10.9,.362,2.7,8.0,.343,1.2,2.9,.416,.488,0.6,0.8,.727,0.4,2.8,3.1,1.6,0.6,0.1,0.7,1.2,11.2
DeAndre' Bembry,SF,27,BRK,26,11,19.6,2.4,4.3,.568,0.3,0.8,.409,2.1,3.4,.607,.608,0.4,0.8,.476,0.7,2.5,3.3,1.1,0.9,0.5,0.7,2.3,5.6
Dāvis Bertāns,PF,29,WAS,17,0,15.6,1.5,5.1,.302,1.1,4.1,.275,0.4,1.0,.412,.413,1.0,1.1,.944,0.2,1.4,1.6,0.5,0.3,0.1,0.4,1.6,5.2
Patrick Beverley,PG,33,MIN,19,15,25.8,3.3,7.1,.459,1.2,3.5,.333,2.1,3.6,.580,.541,0.8,1.2,.727,1.3,2.8,4.2,4.5,0.9,0.8,1.2,2.9,8.5
Saddiq Bey,SF,22,DET,26,26,31.7,4.3,12.6,.345,1.8,6.1,.296,2.5,6.5,.391,.416,1.4,1.9,.735,1.8,4.0,5.8,2.3,1.0,0.2,1.4,1.7,11.9
Khem Birch,C,29,TOR,15,3,22.9,2.7,5.3,.500,0.0,0.4,.000,2.7,4.9,.541,.500,1.6,2.2,.727,3.2,2.5,5.7,1.3,1.0,0.5,0.6,1.8,6.9
Goga Bitadze,C,22,IND,17,0,8.4,0.9,2.9,.300,0.2,1.5,.160,0.6,1.5,.440,.340,0.6,1.0,.647,1.1,1.3,2.4,0.2,0.5,0.6,0.4,1.6,2.6
Nemanja Bjelica,C,33,GSW,26,0,14.3,2.3,5.2,.455,0.9,2.5,.354,1.5,2.7,.551,.541,0.8,1.2,.710,0.9,3.0,3.9,1.5,0.7,0.3,1.2,1.4,6.4
Eric Bledsoe,PG,32,LAC,27,22,26.3,3.3,8.2,.405,0.8,2.9,.282,2.5,5.3,.472,.455,1.6,1.9,.827,0.7,3.2,3.9,3.5,1.3,0.4,1.9,1.6,9.1
Keljin Blevins,SF,26,POR,3,0,4.7,0.7,1.3,.500,0.7,1.0,.667,0.0,0.3,.000,.750,0.0,0.0,,0.0,0.3,0.3,0.3,0.0,0.0,0.7,0.0,2.0
Bogdan Bogdanović,SG,29,ATL,20,20,28.2,4.5,10.0,.447,2.2,5.5,.391,2.3,4.5,.517,.555,0.6,0.7,.786,0.4,3.2,3.6,2.5,0.7,0.2,0.9,1.9,11.6
Bojan Bogdanović,PF,32,UTA,26,26,29.9,5.7,12.1,.467,2.5,6.1,.403,3.2,6.0,.532,.568,3.1,3.3,.920,0.8,3.1,3.9,1.7,0.4,0.0,1.5,1.4,16.8
Bol Bol,PF,22,DEN,10,0,4.7,0.7,1.5,.467,0.0,0.3,.000,0.7,1.2,.583,.467,0.1,0.3,.333,0.2,1.2,1.4,0.2,0.1,0.2,0.0,0.3,1.5
Leandro Bolmaro,SF,21,MIN,16,1,9.6,0.5,1.9,.267,0.1,0.6,.100,0.4,1.3,.350,.283,0.5,0.6,.889,0.8,1.1,1.9,0.6,0.3,0.0,0.6,1.1,1.6
Isaac Bonga,SF,22,TOR,9,0,5.4,0.2,1.0,.222,0.1,0.3,.333,0.1,0.7,.167,.278,0.4,0.7,.667,0.2,0.2,0.4,0.3,0.4,0.2,0.1,0.9,1.0
Devin Booker,SG,25,PHO,21,21,32.2,8.6,18.7,.458,2.4,5.9,.403,6.2,12.8,.483,.522,3.7,4.3,.857,0.9,4.0,4.9,4.5,0.9,0.2,2.7,2.3,23.2
Brandon Boston Jr.,SG,20,LAC,14,0,12.1,2.1,5.0,.429,0.9,2.0,.429,1.3,3.0,.429,.514,1.1,1.2,.941,0.1,1.3,1.4,0.4,0.7,0.2,0.8,0.9,6.3
Chris Boucher,PF,29,TOR,24,2,14.6,2.5,6.3,.404,0.5,2.5,.186,2.1,3.8,.543,.440,1.3,1.8,.714,1.7,2.6,4.3,0.3,0.5,0.8,0.6,1.6,6.8
James Bouknight,SG,21,CHO,11,0,7.1,1.3,3.0,.424,0.6,1.2,.538,0.6,1.8,.350,.530,0.4,0.4,1.000,0.6,0.7,1.4,0.4,0.1,0.0,0.3,0.6,3.5
Avery Bradley,SG,31,LAL,25,20,23.0,2.2,5.5,.409,1.3,3.2,.413,0.9,2.3,.404,.529,0.1,0.1,1.000,0.5,2.0,2.5,0.7,0.8,0.2,0.6,1.5,5.9
Tony Bradley,C,24,CHI,21,7,12.6,1.6,2.9,.557,0.0,0.0,,1.6,2.9,.557,.557,0.2,0.3,.714,1.5,3.0,4.5,0.5,0.0,0.6,0.7,1.3,3.5
Ignas Brazdeikis,SF,23,ORL,12,0,8.2,0.6,2.3,.250,0.3,1.4,.176,0.3,0.9,.364,.304,0.1,0.2,.500,0.4,1.0,1.4,0.5,0.3,0.0,0.3,1.0,1.5
Mikal Bridges,SF,25,PHO,25,25,34.7,5.0,9.2,.539,1.3,3.0,.421,3.7,6.2,.597,.609,1.0,1.2,.862,0.9,3.1,4.0,1.8,1.4,0.6,0.8,2.2,12.2
Miles Bridges,PF,23,CHO,28,28,37.0,7.5,16.0,.472,2.1,6.4,.331,5.4,9.6,.565,.538,3.1,4.0,.770,1.2,6.0,7.2,3.5,1.2,0.9,2.0,2.8,20.3
Oshae Brissett,SF,23,IND,17,0,14.5,1.9,4.1,.464,0.8,2.0,.412,1.1,2.1,.514,.565,0.2,0.6,.273,0.7,2.2,2.9,0.6,0.3,0.2,0.8,1.2,4.8
Malcolm Brogdon,PG,29,IND,23,23,35.5,7.1,15.8,.448,1.8,6.0,.304,5.3,9.8,.535,.505,3.9,4.5,.874,0.9,4.6,5.5,6.2,0.9,0.5,2.3,2.2,19.9
Armoni Brooks,SG,23,HOU,22,2,15.6,2.4,6.0,.391,1.7,4.9,.343,0.7,1.1,.600,.530,0.6,0.7,.867,0.3,1.6,2.0,1.2,0.5,0.2,0.4,1.4,7.0
Dillon Brooks,SF,26,MEM,13,12,27.2,6.5,15.8,.408,1.5,4.8,.323,4.9,11.1,.444,.456,3.2,3.5,.913,0.6,2.5,3.1,2.7,1.3,0.2,2.1,3.6,17.7
Bruce Brown,SF,25,BRK,24,14,22.5,3.0,6.4,.468,0.3,1.0,.320,2.7,5.4,.496,.494,0.5,0.7,.765,1.4,2.9,4.3,1.1,1.3,0.4,0.6,2.5,6.9
Greg Brown III,SF,20,POR,11,0,4.6,0.6,1.8,.350,0.0,0.4,.000,0.6,1.5,.438,.350,0.2,0.6,.286,0.5,0.8,1.3,0.5,0.2,0.4,0.2,0.6,1.5
Jaylen Brown,SF,25,BOS,13,13,32.8,7.8,16.8,.463,2.4,6.5,.365,5.4,10.2,.526,.534,3.5,4.5,.763,0.5,4.8,5.2,2.2,1.1,0.5,2.4,2.7,21.4
Moses Brown,C,22,DAL,12,1,6.3,1.1,1.6,.684,0.0,0.0,,1.1,1.6,.684,.684,1.5,2.3,.667,0.7,1.3,1.9,0.0,0.3,0.5,0.5,1.0,3.7
Sterling Brown,SG,26,DAL,20,0,12.8,1.1,3.1,.355,0.6,2.0,.275,0.6,1.1,.500,.444,0.2,0.2,1.000,0.7,2.5,3.2,0.8,0.5,0.2,0.7,1.2,3.0
Troy Brown Jr.,SF,22,CHI,18,1,12.8,1.7,4.1,.411,0.4,1.7,.267,1.2,2.4,.512,.466,0.6,0.8,.714,0.4,2.1,2.5,0.8,0.3,0.1,0.4,0.8,4.3
Jalen Brunson,PG,25,DAL,25,7,29.2,5.7,11.7,.488,1.0,3.0,.320,4.8,8.7,.546,.529,2.0,2.6,.773,0.7,3.5,4.2,4.7,0.8,0.0,1.4,1.8,14.4
Reggie Bullock,SF,30,DAL,25,9,23.7,2.1,6.0,.356,1.2,4.4,.275,0.9,1.6,.575,.456,0.3,0.4,.700,0.2,2.4,2.7,0.8,0.3,0.1,0.6,1.4,5.7
Trey Burke,PG,29,DAL,14,0,11.3,2.4,5.4,.447,0.8,1.9,.423,1.6,3.6,.460,.520,0.7,0.8,.909,0.0,0.7,0.7,1.6,0.4,0.0,0.9,0.8,6.4
Alec Burks,SG,30,NYK,26,7,25.3,3.5,8.7,.404,2.0,4.7,.415,1.5,3.9,.392,.518,2.4,2.9,.816,0.4,3.5,3.8,2.1,1.2,0.3,0.8,2.1,11.3
Jared Butler,SG,21,UTA,17,0,4.3,0.6,1.9,.344,0.4,1.1,.316,0.3,0.8,.385,.438,0.2,0.4,.571,0.0,0.7,0.7,0.6,0.1,0.4,0.5,0.9,1.9
Jimmy Butler,SF,32,MIA,18,18,33.7,7.7,15.2,.509,0.3,1.7,.194,7.4,13.4,.550,.520,7.1,8.3,.852,1.6,4.2,5.8,5.2,2.2,0.3,1.9,1.6,22.8
Devontae Cacok,PF,25,SAS,1,0,2.0,1.0,1.0,1.000,0.0,0.0,,1.0,1.0,1.000,1.000,0.0,0.0,,1.0,1.0,2.0,1.0,0.0,0.0,0.0,0.0,2.0
Kentavious Caldwell-Pope,SG,28,WAS,27,27,29.1,3.9,9.1,.421,2.0,5.1,.399,1.8,4.0,.450,.532,1.3,1.4,.895,0.6,3.0,3.5,1.7,1.3,0.3,1.3,1.8,11.0
Facundo Campazzo,PG,30,DEN,25,0,19.6,2.0,4.9,.418,1.2,3.1,.385,0.8,1.8,.477,.541,0.8,1.0,.833,0.4,1.3,1.7,2.8,0.9,0.3,1.0,1.8,6.1
Vlatko Čančar,PF,24,DEN,6,0,5.2,0.7,1.7,.400,0.5,0.5,1.000,0.2,1.2,.143,.550,0.5,0.7,.750,0.2,0.2,0.3,0.7,0.3,0.0,0.3,0.5,2.3
Clint Capela,C,27,ATL,26,26,30.0,5.2,9.0,.573,0.0,0.0,.000,5.2,9.0,.575,.573,1.2,2.3,.508,4.1,8.7,12.8,1.3,0.9,1.5,0.7,2.4,11.5
Vernon Carey Jr.,C,20,CHO,2,1,6.0,1.5,3.0,.500,0.0,0.0,,1.5,3.0,.500,.500,0.5,0.5,1.000,1.0,0.5,1.5,0.0,0.5,0.0,0.5,0.5,3.5
Jevon Carter,PG,26,BRK,27,1,11.7,0.8,2.8,.276,0.7,2.2,.305,0.1,0.6,.176,.395,0.1,0.1,.750,0.1,1.3,1.5,1.1,0.3,0.3,0.4,1.1,2.3
Wendell Carter Jr.,C,22,ORL,28,28,29.4,5.1,10.0,.509,1.4,3.9,.352,3.7,6.1,.608,.577,1.6,2.2,.710,2.1,7.9,10.0,2.5,0.6,0.6,1.5,2.6,13.1
Alex Caruso,SG,27,CHI,24,7,28.5,2.8,6.3,.441,1.0,3.0,.347,1.8,3.3,.525,.523,1.8,2.0,.857,0.9,2.7,3.6,4.1,2.2,0.4,1.5,2.7,8.4
Willie Cauley-Stein,C,28,DAL,18,2,9.8,0.9,1.9,.457,0.1,0.1,.500,0.8,1.8,.455,.471,0.1,0.1,.500,0.7,1.4,2.1,0.5,0.3,0.2,0.4,0.9,1.9
Justin Champagnie,SF,20,TOR,12,0,4.9,0.4,0.9,.455,0.0,0.1,.000,0.4,0.8,.500,.455,0.4,0.4,1.000,0.6,0.4,1.0,0.1,0.0,0.1,0.0,0.6,1.3
Chris Chiozza,PG,26,GSW,11,0,11.3,1.0,2.7,.367,0.8,2.0,.409,0.2,0.7,.250,.517,0.1,0.1,1.000,0.5,1.0,1.5,1.6,0.5,0.0,0.8,1.4,2.9
Josh Christopher,SG,20,HOU,18,0,9.4,1.7,3.6,.477,0.6,1.2,.500,1.1,2.4,.465,.562,0.4,0.5,.778,0.4,0.8,1.2,0.9,0.6,0.1,0.9,0.8,4.4
Gary Clark,F,27,NOP,1,0,3.0,0.0,0.0,,0.0,0.0,,0.0,0.0,,,0.0,0.0,,0.0,0.0,0.0,0.0,0.0,0.0,0.0,0.0,0.0
Brandon Clarke,PF,25,MEM,19,0,16.0,3.4,5.5,.610,0.1,0.6,.091,3.3,4.9,.670,.614,0.9,1.4,.667,1.7,2.6,4.4,1.4,0.4,0.9,0.4,1.7,7.7
Jordan Clarkson,SG,29,UTA,26,0,24.8,5.2,14.0,.374,2.7,8.9,.299,2.6,5.1,.504,.468,1.5,1.8,.813,0.7,2.4,3.1,2.1,0.7,0.2,1.2,1.6,14.6
Nicolas Claxton,C,22,BRK,9,4,17.3,2.1,3.8,.559,0.0,0.0,,2.1,3.8,.559,.559,0.9,1.8,.500,1.1,3.4,4.6,0.4,0.2,0.8,0.7,2.0,5.1
Amir Coffey,SG,24,LAC,16,3,12.9,0.9,2.5,.350,0.6,1.9,.333,0.3,0.6,.400,.475,1.1,1.2,.895,0.2,1.4,1.6,0.7,0.1,0.1,0.3,0.8,3.4
John Collins,PF,24,ATL,26,26,32.5,6.5,11.7,.559,1.2,3.1,.400,5.3,8.6,.616,.612,2.8,3.6,.774,1.7,6.1,7.8,2.2,0.8,1.3,1.0,2.9,17.1
Mike Conley,PG,34,UTA,24,24,28.0,5.0,10.0,.498,2.6,5.6,.463,2.4,4.4,.543,.628,1.3,1.5,.833,0.3,1.8,2.0,5.5,1.2,0.3,1.8,2.0,13.8
Pat Connaughton,SG,29,MIL,28,10,28.8,4.4,8.8,.498,2.7,6.3,.429,1.6,2.4,.676,.653,0.7,1.0,.741,0.8,3.8,4.6,1.3,1.0,0.4,0.8,1.4,12.1
Tyler Cook,PF,24,CHI,2,0,8.5,1.0,2.0,.500,0.0,0.0,,1.0,2.0,.500,.500,1.0,1.0,1.000,0.0,1.0,1.0,1.5,0.0,0.0,0.5,0.5,3.0
Sharife Cooper,PG,20,ATL,5,0,2.2,0.2,0.8,.250,0.0,0.4,.000,0.2,0.4,.500,.250,0.0,0.0,,0.0,0.0,0.0,0.8,0.0,0.0,0.2,0.0,0.4
Petr Cornelie,PF,26,DEN,8,0,3.1,0.3,1.1,.222,0.0,0.6,.000,0.3,0.5,.500,.222,0.0,0.0,,0.8,0.6,1.4,0.4,0.0,0.0,0.3,0.6,0.5
DeMarcus Cousins,C,31,MIL,6,0,12.2,1.2,3.8,.304,0.2,1.7,.100,1.0,2.2,.462,.326,1.7,2.0,.833,0.8,3.3,4.2,1.0,0.8,0.0,1.3,2.8,4.2
Robert Covington,PF,31,POR,27,26,27.1,2.4,6.2,.387,1.6,4.6,.341,0.9,1.7,.511,.512,0.1,0.1,1.000,0.5,4.2,4.7,1.2,1.2,1.1,1.0,2.3,6.5
Torrey Craig,SF,31,IND,27,1,14.8,1.9,4.0,.481,0.5,2.0,.264,1.4,2.0,.691,.546,0.6,0.8,.773,1.1,2.0,3.1,0.9,0.4,0.3,0.6,1.5,5.0
Jae Crowder,PF,31,PHO,25,25,28.0,3.2,8.2,.397,2.0,5.6,.348,1.3,2.5,.508,.517,1.1,1.4,.771,0.5,4.4,4.9,1.4,1.3,0.5,0.9,2.2,9.5
Jarrett Culver,SG,22,MEM,10,0,9.4,2.0,3.6,.556,0.3,1.1,.273,1.7,2.5,.680,.597,0.4,0.8,.500,0.2,1.2,1.4,1.4,0.6,0.1,0.3,0.4,4.7
Cade Cunningham,PG,20,DET,21,21,32.1,5.8,15.2,.382,2.3,7.2,.322,3.5,8.0,.437,.459,1.8,2.2,.826,1.0,5.2,6.2,4.6,1.4,0.6,3.9,2.5,15.8
Seth Curry,SG,31,PHI,25,25,34.3,5.9,11.6,.510,2.1,5.3,.398,3.8,6.3,.605,.602,2.0,2.3,.879,0.5,2.5,3.0,2.9,0.8,0.2,1.7,2.4,16.0
Stephen Curry,PG,33,GSW,25,25,34.2,8.8,20.3,.433,5.4,13.4,.404,3.4,7.0,.489,.566,4.1,4.4,.927,0.7,4.9,5.6,6.3,1.7,0.4,3.1,1.8,27.1
Anthony Davis,C,28,LAL,25,25,35.8,9.6,18.3,.523,0.4,2.1,.192,9.2,16.2,.565,.534,4.5,6.2,.723,3.0,7.2,10.2,3.0,1.3,2.2,2.0,2.3,24.0
Ed Davis,C,32,CLE,9,2,8.6,0.8,1.1,.700,0.0,0.0,,0.8,1.1,.700,.700,0.1,0.2,.500,0.4,2.8,3.2,0.1,0.2,0.4,0.3,1.0,1.7
Terence Davis,SG,24,SAC,19,7,17.3,3.6,8.6,.415,1.4,4.8,.293,2.2,3.8,.569,.497,0.8,1.1,.750,0.3,2.5,2.8,0.9,0.8,0.4,1.3,2.5,9.4
Gabriel Deck,PF,26,OKC,6,0,7.5,1.0,2.0,.500,0.2,0.5,.333,0.8,1.5,.556,.542,0.0,0.0,,0.2,0.7,0.8,0.5,0.2,0.0,0.3,0.3,2.2
Dewayne Dedmon,C,32,MIA,27,9,16.1,2.3,4.1,.559,0.3,0.5,.692,2.0,3.6,.541,.599,1.1,1.4,.789,1.9,4.1,6.0,0.7,0.4,0.5,0.9,2.1,6.0
Sam Dekker,PF,27,TOR,1,0,1.0,0.0,0.0,,0.0,0.0,,0.0,0.0,,,0.0,0.0,,0.0,0.0,0.0,0.0,0.0,0.0,0.0,0.0,0.0
DeMar DeRozan,PF,32,CHI,24,24,35.3,9.5,19.0,.498,0.8,2.5,.333,8.6,16.5,.523,.520,6.6,7.5,.888,0.6,4.7,5.3,4.1,0.9,0.4,2.0,2.3,26.4
Hamidou Diallo,SG,23,DET,19,2,15.7,2.8,5.3,.525,0.3,1.2,.273,2.5,4.2,.595,.554,1.1,1.4,.741,0.9,2.1,3.0,0.8,0.6,0.5,0.6,1.8,6.9
Gorgui Dieng,C,32,ATL,21,0,8.4,0.9,2.1,.422,0.3,1.0,.333,0.6,1.1,.500,.500,0.4,0.7,.643,1.0,2.4,3.4,0.7,0.2,0.3,0.5,1.2,2.6
Spencer Dinwiddie,PG,28,WAS,23,23,29.7,4.6,11.7,.392,1.8,5.3,.339,2.8,6.4,.435,.468,2.4,2.8,.859,0.7,4.1,4.8,5.3,0.4,0.2,1.5,2.3,13.3
Luka Dončić,PG,22,DAL,21,21,35.0,9.5,21.3,.447,2.7,8.3,.326,6.8,13.0,.526,.511,3.9,5.5,.698,0.8,7.2,8.0,8.5,1.0,0.5,4.6,2.5,25.6
Luguentz Dort,SF,22,OKC,25,25,32.2,5.8,13.7,.423,2.5,7.5,.332,3.3,6.2,.532,.513,2.9,3.4,.837,0.7,3.1,3.8,1.8,0.8,0.4,1.6,2.8,17.0
Ayo Dosunmu,SG,22,CHI,25,2,17.9,2.4,4.8,.504,0.7,1.6,.415,1.8,3.2,.550,.574,0.4,0.8,.579,0.5,1.6,2.1,1.2,0.4,0.2,0.8,1.5,6.0
Devon Dotson,PG,22,CHI,5,0,9.6,1.0,2.4,.417,0.2,1.0,.200,0.8,1.4,.571,.458,1.0,1.6,.625,0.2,1.0,1.2,0.8,0.0,0.0,0.2,1.0,3.2
Sekou Doumbouya,PF,21,LAL,2,0,8.0,2.5,4.0,.625,0.5,1.0,.500,2.0,3.0,.667,.688,1.5,2.0,.750,1.0,2.0,3.0,0.0,1.5,1.0,1.0,0.5,7.0
Jeff Dowtin,PG,24,GSW,3,0,3.3,0.7,1.3,.500,0.0,0.0,,0.7,1.3,.500,.500,0.0,0.0,,0.0,0.7,0.7,0.0,0.0,0.0,0.0,0.3,1.3
PJ Dozier,SG,25,DEN,18,0,18.9,2.0,5.5,.364,0.8,2.7,.313,1.2,2.8,.412,.439,0.6,0.7,.769,0.8,2.7,3.5,1.6,0.6,0.3,0.7,1.8,5.4
Goran Dragić,PG,35,TOR,5,2,18.0,2.6,6.8,.382,0.8,2.8,.286,1.8,4.0,.450,.441,2.0,2.0,1.000,0.4,2.4,2.8,1.8,1.0,0.2,0.2,1.6,8.0
Andre Drummond,C,28,PHI,26,10,20.2,2.6,5.2,.500,0.0,0.0,.000,2.6,5.1,.504,.500,1.2,2.1,.564,3.2,6.5,9.7,2.0,1.0,1.1,1.7,2.6,6.3
Chris Duarte,SG,24,IND,26,20,29.5,5.2,12.2,.426,1.8,5.3,.343,3.4,6.9,.489,.500,1.1,1.5,.744,0.5,3.5,4.0,2.1,1.1,0.1,1.6,1.8,13.3
David Duke,G,22,BRK,2,0,15.5,2.0,6.0,.333,0.5,3.0,.167,1.5,3.0,.500,.375,0.0,0.0,,1.0,1.5,2.5,0.5,0.5,0.0,0.0,2.0,4.5
Kevin Durant,PF,33,BRK,25,25,36.5,10.6,20.1,.529,1.8,4.8,.383,8.8,15.3,.574,.575,6.3,7.2,.877,0.5,7.1,7.6,5.6,0.7,0.8,3.2,1.8,29.4
Anthony Edwards,SG,20,MIN,27,27,36.0,7.9,18.6,.424,2.9,8.4,.338,5.0,10.1,.496,.501,2.9,3.7,.788,1.2,4.6,5.8,3.7,1.6,0.7,3.3,2.3,21.5
Kessler Edwards,SF,21,BRK,2,0,6.0,1.5,3.0,.500,1.0,2.0,.500,0.5,1.0,.500,.667,0.0,0.0,,0.5,1.0,1.5,0.0,0.0,0.0,0.5,0.0,4.0
CJ Elleby,SF,21,POR,14,0,5.4,0.7,1.6,.455,0.3,0.9,.333,0.4,0.7,.600,.545,0.0,0.0,,0.1,1.1,1.3,0.3,0.0,0.0,0.5,0.8,1.7
Wayne Ellington,SG,34,LAL,20,2,19.5,2.2,5.4,.402,2.0,5.0,.404,0.2,0.4,.375,.589,0.2,0.3,.800,0.2,1.3,1.5,0.6,0.4,0.1,0.4,1.0,6.5
Joel Embiid,C,27,PHI,17,17,32.8,7.5,16.9,.441,1.3,3.4,.386,6.2,13.6,.455,.479,8.0,10.1,.791,1.8,9.1,10.8,4.2,1.1,1.4,2.7,2.8,24.2
Drew Eubanks,C,24,SAS,25,8,14.8,2.1,4.0,.520,0.0,0.2,.200,2.0,3.8,.537,.525,1.5,1.9,.809,1.3,3.4,4.6,1.4,0.4,0.8,1.3,1.5,5.7
Tacko Fall,C,26,CLE,8,0,3.1,0.3,0.6,.400,0.0,0.0,,0.3,0.6,.400,.400,0.1,0.6,.200,0.1,0.5,0.6,0.0,0.0,0.3,0.1,0.1,0.6
Derrick Favors,C,30,OKC,20,8,16.6,2.8,5.2,.534,0.1,0.5,.222,2.7,4.7,.564,.544,0.5,0.9,.556,1.5,3.7,5.2,0.4,0.5,0.2,0.3,1.3,6.1
Bruno Fernando,C,23,BOS,8,0,2.3,0.3,0.4,.667,0.0,0.0,,0.3,0.4,.667,.667,0.0,0.0,,0.1,0.1,0.3,0.1,0.0,0.1,0.4,0.4,0.5
Dorian Finney-Smith,PF,28,DAL,26,26,31.7,3.3,7.7,.433,1.8,4.8,.371,1.6,3.0,.532,.547,0.6,1.0,.593,1.7,3.0,4.6,1.7,1.5,0.5,1.0,2.2,9.1
Malik Fitts,PF,24,UTA,4,0,2.5,0.0,0.3,.000,0.0,0.0,,0.0,0.3,.000,.000,0.0,0.0,,0.0,0.8,0.8,0.0,0.0,0.0,0.0,0.0,0.0
Malachi Flynn,PG,23,TOR,18,0,8.0,0.9,2.9,.327,0.3,1.4,.240,0.6,1.5,.407,.385,0.2,0.4,.571,0.3,0.9,1.2,0.9,0.4,0.1,0.3,0.9,2.4
Bryn Forbes,SG,28,SAS,25,0,14.3,2.7,5.9,.459,1.2,2.9,.425,1.5,3.0,.493,.564,0.6,0.7,.824,0.1,1.1,1.2,0.7,0.4,0.0,0.9,0.8,7.2
Trent Forrest,PG,23,UTA,19,0,7.6,0.6,1.0,.579,0.1,0.2,.333,0.5,0.8,.625,.605,0.4,0.4,.875,0.3,0.9,1.2,0.8,0.3,0.0,0.6,0.5,1.6
Evan Fournier,SG,29,NYK,27,27,28.1,4.5,11.0,.407,2.5,6.6,.376,2.0,4.4,.454,.520,1.0,1.2,.788,0.4,2.3,2.8,1.7,0.9,0.2,1.3,1.8,12.4
De'Aaron Fox,PG,24,SAC,27,27,34.4,7.7,17.4,.446,1.1,4.1,.268,6.6,13.2,.501,.478,4.1,5.6,.747,0.5,3.2,3.7,5.1,1.4,0.5,2.8,2.8,20.7
Enes Freedom,C,29,BOS,16,0,11.7,1.7,3.6,.466,0.1,0.2,.333,1.6,3.4,.473,.474,0.9,1.1,.833,2.1,3.4,5.5,0.2,0.2,0.6,0.6,1.1,4.4
Daniel Gafford,C,23,WAS,24,24,21.2,3.9,5.8,.676,0.0,0.0,,3.9,5.8,.676,.676,1.3,1.9,.711,2.2,4.2,6.4,1.0,0.5,2.0,1.1,2.6,9.2
Danilo Gallinari,PF,33,ATL,23,0,21.6,3.1,7.4,.421,1.5,3.7,.407,1.6,3.7,.435,.523,1.7,1.9,.930,0.6,3.5,4.1,1.3,0.5,0.3,0.4,1.3,9.5
Darius Garland,PG,22,CLE,26,26,34.5,7.2,15.3,.469,2.6,6.8,.384,4.5,8.5,.536,.554,2.1,2.4,.887,0.4,2.6,3.0,7.6,1.3,0.1,4.0,1.9,19.0
Marcus Garrett,SG,23,MIA,5,0,2.4,0.0,0.2,.000,0.0,0.0,,0.0,0.2,.000,.000,0.0,0.4,.000,0.0,0.2,0.2,0.8,0.0,0.2,0.0,0.2,0.0
Usman Garuba,PF,19,HOU,7,0,6.4,0.7,2.0,.357,0.3,1.1,.250,0.4,0.9,.500,.429,0.0,0.0,,0.9,1.7,2.6,0.9,0.3,0.6,0.3,0.6,1.7
Luka Garza,C,23,DET,15,2,9.5,1.3,3.0,.422,0.4,1.1,.375,0.9,1.9,.448,.489,0.7,0.9,.786,0.9,1.1,2.1,0.5,0.4,0.1,0.5,1.6,3.7
Rudy Gay,PF,35,UTA,12,0,19.0,3.4,7.4,.461,2.1,5.0,.417,1.3,2.4,.552,.601,0.8,1.1,.769,0.8,4.3,5.1,1.0,0.3,0.2,0.9,1.7,9.8
Paul George,SF,31,LAC,24,24,35.9,9.2,21.7,.422,2.7,8.4,.318,6.5,13.3,.488,.484,4.0,4.5,.880,0.4,6.9,7.3,5.4,1.9,0.4,4.3,2.6,25.0
Taj Gibson,C,36,NYK,12,1,18.6,1.3,2.7,.469,0.0,0.3,.000,1.3,2.4,.517,.469,0.6,0.8,.778,1.9,2.8,4.7,0.7,0.3,1.2,1.0,3.2,3.1
Josh Giddey,SG,19,OKC,24,24,29.6,4.3,11.0,.394,0.9,3.5,.247,3.5,7.5,.464,.434,0.9,1.3,.700,1.4,5.3,6.7,5.8,1.0,0.6,3.0,1.9,10.4
Shai Gilgeous-Alexander,PG,23,OKC,23,23,34.8,7.2,17.6,.410,1.9,6.3,.295,5.3,11.3,.475,.463,4.9,6.1,.801,0.6,4.0,4.6,5.0,0.9,0.7,2.3,2.0,21.2
Anthony Gill,PF,29,WAS,11,0,5.0,0.8,1.1,.750,0.3,0.3,1.000,0.5,0.8,.667,.875,0.6,0.7,.875,0.5,0.9,1.4,0.2,0.0,0.2,0.2,0.5,2.5
Rudy Gobert,C,29,UTA,26,26,31.6,5.4,7.4,.734,0.0,0.0,.000,5.4,7.3,.738,.734,4.2,6.2,.679,3.1,11.5,14.6,0.9,0.8,2.2,1.8,2.7,15.1
Aaron Gordon,PF,26,DEN,26,26,32.6,5.5,10.4,.524,1.0,2.9,.347,4.5,7.5,.592,.572,2.3,3.0,.747,1.9,3.8,5.7,2.3,0.7,0.8,1.5,2.1,14.2
Eric Gordon,SG,33,HOU,22,11,29.8,5.1,10.8,.475,2.3,5.3,.436,2.8,5.5,.512,.582,1.8,2.5,.709,0.2,1.6,1.9,2.9,0.6,0.6,2.5,1.1,14.4
Devonte' Graham,PG,26,NOP,26,26,31.0,4.5,12.2,.368,2.8,8.0,.348,1.7,4.3,.405,.481,1.5,1.8,.792,0.5,1.8,2.4,4.3,1.2,0.2,1.7,1.4,13.2
Jerami Grant,PF,27,DET,24,24,33.2,6.6,15.9,.414,1.8,5.3,.331,4.8,10.6,.455,.469,5.2,6.1,.849,1.0,3.9,4.8,2.6,1.1,1.1,2.1,2.3,20.1
Danny Green,SF,34,PHI,20,16,23.7,2.6,5.9,.432,2.0,4.9,.398,0.6,1.0,.600,.597,0.2,0.2,1.000,0.6,2.0,2.6,1.3,1.3,0.9,1.1,2.0,7.3
Draymond Green,PF,31,GSW,25,25,30.2,3.2,5.8,.549,0.3,1.0,.292,2.9,4.8,.600,.573,1.4,2.4,.593,1.2,6.7,7.9,7.4,1.4,1.0,3.1,2.7,8.0
Jalen Green,SG,19,HOU,18,18,30.8,4.8,12.7,.382,1.8,6.4,.278,3.1,6.3,.487,.452,2.6,3.2,.807,0.4,2.7,3.1,2.3,0.6,0.2,2.7,1.6,14.0
JaMychal Green,PF,31,DEN,25,4,14.4,2.1,5.1,.409,0.5,2.4,.220,1.6,2.7,.574,.461,0.7,0.9,.783,0.9,2.4,3.3,0.8,0.8,0.5,1.0,2.2,5.4
Javonte Green,SF,28,CHI,23,12,20.6,2.1,4.2,.495,0.4,1.1,.385,1.7,3.1,.535,.546,0.8,1.0,.750,1.5,2.7,4.3,0.7,0.8,0.3,0.7,2.0,5.4
Jeff Green,C,35,DEN,26,17,24.7,3.3,6.8,.483,0.7,2.3,.322,2.6,4.6,.563,.537,2.1,2.6,.821,0.4,2.6,3.0,1.2,0.3,0.5,0.9,2.3,9.5
Josh Green,SG,21,DAL,15,0,6.3,0.9,1.7,.538,0.1,0.3,.250,0.9,1.5,.591,.558,0.1,0.3,.250,0.4,0.8,1.2,0.4,0.3,0.1,0.1,0.9,2.0
Blake Griffin,PF,32,BRK,19,17,20.6,1.9,5.9,.330,0.5,3.0,.158,1.5,2.9,.509,.371,0.9,1.4,.692,1.2,3.5,4.7,1.8,0.5,0.6,0.5,2.2,5.3
Quentin Grimes,SG,21,NYK,14,1,8.5,1.2,2.7,.447,1.1,2.3,.469,0.1,0.4,.333,.645,0.1,0.1,1.000,0.1,0.8,0.9,0.4,0.2,0.1,0.6,0.7,3.6
Tyrese Haliburton,SG,21,SAC,25,25,33.4,4.6,10.4,.446,1.8,4.5,.411,2.8,5.9,.473,.535,0.9,1.2,.759,1.1,2.9,4.0,5.6,1.8,0.7,1.9,1.3,12.0
R.J. Hampton,SG,20,ORL,28,0,18.1,2.5,6.3,.395,1.0,2.4,.397,1.5,3.9,.394,.472,1.2,2.1,.586,0.3,2.6,2.9,2.2,0.5,0.1,1.5,1.4,7.2
Tim Hardaway Jr.,SG,29,DAL,26,19,31.2,5.0,12.9,.384,2.3,7.1,.324,2.7,5.8,.457,.473,1.8,2.4,.730,0.4,3.4,3.8,2.2,1.0,0.1,0.6,1.8,14.0
James Harden,PG,32,BRK,26,26,36.2,5.9,14.7,.404,2.5,7.3,.337,3.5,7.3,.471,.488,6.5,7.4,.885,0.9,7.0,7.9,9.6,1.4,0.7,5.0,2.4,20.8
Maurice Harkless,SF,28,SAC,18,14,18.7,1.4,3.7,.379,0.5,2.2,.225,0.9,1.4,.615,.447,0.4,0.6,.727,0.2,2.3,2.5,0.5,0.4,0.4,0.4,1.6,3.7
Montrezl Harrell,C,28,WAS,27,3,26.1,5.7,8.8,.643,0.1,0.3,.250,5.6,8.5,.657,.647,3.5,4.8,.731,2.4,5.4,7.9,2.1,0.6,0.7,1.3,2.0,14.9
Gary Harris,SG,27,ORL,22,12,26.3,3.2,7.4,.436,1.1,3.5,.316,2.1,4.0,.540,.509,0.6,0.8,.765,0.9,1.5,2.4,1.6,0.6,0.1,1.1,1.7,8.1
Joe Harris,SF,30,BRK,14,14,30.2,4.0,8.9,.452,2.9,6.3,.466,1.1,2.6,.417,.617,0.4,0.4,.833,0.4,3.6,4.0,1.0,0.5,0.1,1.1,2.2,11.3
Tobias Harris,PF,29,PHI,18,18,34.5,7.4,15.6,.475,1.3,4.1,.315,6.1,11.5,.531,.516,2.9,3.4,.852,1.1,7.2,8.2,3.3,0.4,0.6,1.6,1.5,18.9
Josh Hart,PF,26,NOP,22,21,30.9,4.3,8.4,.511,0.8,2.3,.333,3.5,6.0,.579,.557,2.0,2.4,.846,1.2,5.6,6.8,4.1,0.9,0.3,1.7,2.9,11.3
Isaiah Hartenstein,C,23,LAC,26,0,15.8,3.0,4.7,.653,0.1,0.1,.667,3.0,4.5,.653,.661,1.0,1.7,.614,1.8,2.8,4.7,1.7,0.8,1.2,1.0,2.5,7.2
Udonis Haslem,C,41,MIA,5,0,4.6,0.6,1.2,.500,0.0,0.2,.000,0.6,1.0,.600,.500,0.0,0.0,,0.2,1.0,1.2,0.2,0.0,0.2,0.0,1.0,1.2
Sam Hauser,SF,24,BOS,2,0,2.5,0.0,1.0,.000,0.0,1.0,.000,0.0,0.0,,.000,0.0,0.0,,0.0,0.5,0.5,0.0,0.5,0.0,0.0,0.5,0.0
Jaxson Hayes,C,21,NOP,20,0,11.7,2.0,4.0,.506,0.2,0.6,.364,1.8,3.4,.529,.532,1.4,1.9,.757,1.3,2.0,3.2,0.3,0.3,0.6,0.7,1.6,5.6
Killian Hayes,PG,20,DET,21,21,25.6,2.2,6.6,.333,1.0,2.9,.344,1.2,3.7,.325,.409,0.9,1.0,.905,0.6,2.9,3.4,3.7,1.1,0.4,1.5,2.6,6.3
Gordon Hayward,SF,31,CHO,28,28,34.6,6.2,13.7,.453,1.7,4.6,.367,4.5,9.1,.496,.514,3.5,4.1,.853,0.9,4.0,4.9,3.9,0.9,0.6,2.0,1.9,17.6
Aaron Henry,SF,22,PHI,1,0,2.0,0.0,1.0,.000,0.0,1.0,.000,0.0,0.0,,.000,0.0,0.0,,0.0,0.0,0.0,0.0,0.0,0.0,0.0,0.0,0.0
Juan Hernangómez,PF,26,BOS,14,0,4.4,0.3,1.3,.222,0.1,0.9,.167,0.1,0.4,.333,.278,0.3,0.4,.800,0.4,0.8,1.2,0.1,0.3,0.0,0.4,0.3,1.0
Willy Hernangómez,C,27,NOP,15,0,14.4,3.5,5.4,.642,0.1,0.1,1.000,3.3,5.3,.633,.654,1.3,1.9,.714,2.3,4.5,6.8,1.5,0.4,0.3,1.1,2.1,8.4
Tyler Herro,SG,22,MIA,24,7,33.2,7.9,17.9,.442,2.7,7.0,.389,5.2,11.0,.475,.517,2.1,2.5,.864,0.8,4.6,5.4,3.8,0.6,0.1,3.2,1.3,20.7
Buddy Hield,SG,29,SAC,27,2,28.3,5.3,13.8,.382,3.5,10.0,.349,1.8,3.8,.466,.508,1.7,2.0,.849,0.7,3.5,4.2,2.1,0.7,0.3,1.6,2.0,15.7
George Hill,SG,35,MIL,23,11,26.7,2.7,6.0,.439,1.0,3.0,.324,1.7,3.1,.549,.518,1.1,1.2,.929,0.9,2.7,3.6,2.5,0.8,0.1,1.0,1.7,7.4
Solomon Hill,PF,30,ATL,13,1,10.7,0.2,1.5,.150,0.2,1.0,.154,0.1,0.5,.143,.200,0.0,0.0,,0.5,1.3,1.8,0.9,0.3,0.2,0.1,1.2,0.6
Aaron Holiday,PG,25,WAS,26,7,16.7,2.3,5.1,.455,0.5,1.4,.351,1.8,3.7,.495,.504,0.5,0.7,.778,0.2,1.3,1.5,1.9,0.5,0.3,1.0,1.5,5.7
Jrue Holiday,PG,31,MIL,22,21,32.2,6.4,13.8,.464,1.7,4.8,.358,4.7,9.0,.520,.526,1.2,1.7,.711,0.8,3.9,4.6,6.1,1.3,0.5,2.7,2.1,15.8
Justin Holiday,SF,32,IND,23,15,28.1,3.6,9.0,.398,2.4,6.7,.357,1.2,2.3,.519,.532,0.3,0.5,.727,0.3,2.6,2.8,1.7,0.5,0.3,0.9,2.1,9.9
Richaun Holmes,C,28,SAC,22,22,27.1,5.9,8.4,.707,0.1,0.2,.500,5.8,8.2,.711,.712,2.1,2.6,.807,2.7,6.6,9.3,1.4,0.3,1.0,1.4,3.0,14.0
Rodney Hood,SF,29,MIL,21,0,15.0,1.1,3.2,.353,0.6,2.0,.302,0.5,1.2,.440,.449,0.6,0.6,1.000,0.4,1.6,2.0,0.8,0.3,0.0,0.1,0.9,3.5
Al Horford,C,35,BOS,23,23,29.4,4.5,9.9,.454,1.3,4.3,.290,3.2,5.5,.583,.518,2.1,2.4,.857,1.5,6.4,8.0,3.5,0.8,1.6,1.1,2.2,12.3
Talen Horton-Tucker,SG,21,LAL,15,12,28.8,4.3,10.7,.406,1.0,3.6,.278,3.3,7.1,.472,.453,1.6,1.9,.828,0.7,3.8,4.5,2.9,1.3,0.5,1.5,3.1,11.3
Danuel House,SF,28,HOU,16,1,14.6,1.6,4.6,.338,0.6,2.1,.294,0.9,2.5,.375,.405,1.1,1.2,.895,0.3,2.4,2.7,1.2,0.3,0.3,1.1,1.0,4.8
Dwight Howard,C,36,LAL,25,3,15.1,1.8,2.9,.625,0.2,0.3,.750,1.6,2.6,.609,.667,1.1,1.8,.609,1.6,3.8,5.4,0.5,0.8,0.7,0.9,1.8,5.0
Markus Howard,SG,22,DEN,14,0,6.2,1.1,3.1,.341,0.8,2.4,.333,0.3,0.8,.364,.466,0.4,0.4,.833,0.0,0.2,0.2,0.3,0.3,0.0,0.2,0.4,3.3
Kevin Huerter,SG,23,ATL,25,15,27.2,4.4,9.0,.484,1.9,4.6,.412,2.5,4.4,.559,.589,0.4,0.5,.846,0.3,3.0,3.4,2.4,0.4,0.2,1.4,1.8,11.0
Jay Huff,C,23,LAL,1,0,8.0,0.0,1.0,.000,0.0,1.0,.000,0.0,0.0,,.000,0.0,0.0,,1.0,1.0,2.0,1.0,0.0,0.0,0.0,0.0,0.0
Elijah Hughes,SF,23,UTA,6,0,2.8,0.0,0.3,.000,0.0,0.2,.000,0.0,0.2,.000,.000,0.3,0.3,1.000,0.0,0.2,0.2,0.0,0.0,0.0,0.2,0.3,0.3
De'Andre Hunter,SF,24,ATL,11,11,27.8,4.5,10.1,.450,1.4,3.5,.395,3.2,6.6,.479,.518,0.4,0.9,.400,0.4,2.4,2.7,0.6,0.6,0.3,1.3,2.9,10.8
Chandler Hutchison,SF,25,PHO,4,0,3.0,0.3,0.5,.500,0.0,0.0,,0.3,0.5,.500,.500,0.0,0.0,,0.0,1.3,1.3,0.3,0.0,0.0,0.8,0.3,0.5
Bones Hyland,PG,21,DEN,18,0,16.1,2.8,7.3,.379,1.7,4.8,.349,1.1,2.6,.435,.492,1.1,1.2,.952,0.2,1.5,1.7,1.7,0.8,0.2,0.8,1.8,8.3
Serge Ibaka,C,32,LAC,11,3,14.0,1.5,4.3,.362,0.7,1.8,.400,0.8,2.5,.333,.447,0.5,0.7,.625,1.1,2.0,3.1,1.2,0.2,0.3,0.5,1.9,4.3
Andre Iguodala,SF,38,GSW,13,0,20.0,1.5,3.7,.396,0.4,2.1,.185,1.1,1.6,.667,.448,0.3,0.5,.667,0.7,2.8,3.5,3.5,0.7,0.8,0.7,0.9,3.6
Joe Ingles,SF,34,UTA,26,5,24.5,2.8,6.2,.456,2.0,4.9,.409,0.8,1.3,.636,.619,0.4,0.5,.769,0.5,2.6,3.0,3.4,0.5,0.1,1.0,1.6,8.0
Brandon Ingram,SF,24,NOP,22,22,35.2,8.5,19.1,.447,1.8,5.0,.358,6.8,14.2,.478,.493,4.0,4.8,.840,0.8,5.4,6.2,4.9,0.5,0.4,3.0,2.2,22.9
Frank Jackson,PG,23,DET,26,2,22.0,3.5,8.8,.402,1.9,5.6,.336,1.7,3.2,.518,.509,1.3,1.6,.833,0.2,1.1,1.3,0.8,0.5,0.2,0.9,1.5,10.3
Isaiah Jackson,PF,20,IND,6,0,5.5,0.7,2.0,.333,0.0,0.0,,0.7,2.0,.333,.333,0.2,0.3,.500,0.5,1.0,1.5,0.0,0.2,0.2,0.2,1.5,1.5
Jaren Jackson Jr.,PF,22,MEM,26,26,27.3,5.7,13.2,.430,2.2,6.2,.358,3.5,7.0,.495,.515,2.9,3.5,.833,1.1,4.4,5.5,1.0,0.9,1.9,1.5,3.4,16.5
Josh Jackson,SF,24,DET,23,3,18.1,2.4,6.0,.406,0.8,2.7,.290,1.7,3.3,.500,.471,1.0,1.4,.697,0.5,2.7,3.1,1.6,0.4,0.4,1.0,1.8,6.7
Reggie Jackson,SG,31,LAC,27,27,33.4,6.7,17.0,.395,2.7,8.4,.327,4.0,8.6,.461,.476,1.4,1.7,.787,0.6,2.9,3.5,4.0,0.6,0.1,2.1,1.9,17.5
LeBron James,SF,37,LAL,16,16,36.8,10.0,19.8,.506,2.8,7.8,.352,7.3,11.9,.607,.576,3.5,4.6,.767,0.7,5.4,6.1,7.1,1.8,0.9,3.8,2.1,26.3
DeJon Jarreau,SG,24,IND,1,0,1.0,0.0,0.0,,0.0,0.0,,0.0,0.0,,,0.0,0.0,,0.0,0.0,0.0,0.0,0.0,0.0,0.0,0.0,0.0
Ty Jerome,SG,24,OKC,21,1,13.7,2.3,5.8,.397,1.0,3.3,.290,1.3,2.5,.538,.479,1.1,1.4,.828,0.3,0.8,1.1,1.1,0.7,0.1,0.6,1.2,6.7
Isaiah Joe,SG,22,PHI,15,0,9.5,1.2,3.3,.360,0.9,2.6,.333,0.3,0.7,.455,.490,0.3,0.3,1.000,0.1,1.0,1.1,0.7,0.1,0.0,0.4,0.7,3.5
Alize Johnson,PF,25,CHI,16,0,7.6,0.8,1.4,.522,0.0,0.1,.000,0.8,1.3,.571,.522,0.3,0.4,.571,1.0,1.3,2.3,0.5,0.2,0.0,0.5,0.9,1.8
Cameron Johnson,PF,25,PHO,25,0,23.6,3.4,8.0,.425,2.0,5.0,.408,1.4,3.0,.453,.553,0.9,1.2,.742,0.3,3.1,3.4,1.3,0.8,0.3,0.7,1.4,9.8
David Johnson,SG,20,TOR,2,0,1.0,0.0,0.5,.000,0.0,0.5,.000,0.0,0.0,,.000,0.0,0.0,,0.0,0.0,0.0,0.0,0.0,0.0,0.0,0.0,0.0
Jalen Johnson,PF,20,ATL,7,0,2.7,0.7,1.4,.500,0.3,0.6,.500,0.4,0.9,.500,.600,0.3,0.3,1.000,0.0,0.7,0.7,0.0,0.0,0.0,0.0,0.0,2.0
James Johnson,PF,34,BRK,18,2,18.2,2.1,4.4,.481,0.3,0.9,.313,1.8,3.5,.524,.513,0.3,0.8,.429,0.9,3.0,3.9,1.9,0.5,0.4,0.6,2.4,4.8
Keldon Johnson,SF,22,SAS,25,25,30.6,5.5,11.8,.469,1.3,2.9,.444,4.2,8.9,.477,.524,2.2,3.3,.651,1.1,5.1,6.2,1.8,0.9,0.2,1.3,1.7,14.5
Keon Johnson,SG,19,LAC,3,0,5.3,0.0,1.3,.000,0.0,0.3,.000,0.0,1.0,.000,.000,1.3,1.3,1.000,0.3,0.7,1.0,0.7,0.3,0.0,0.3,1.0,1.3
Nikola Jokić,C,26,DEN,21,21,32.9,10.5,18.0,.582,1.7,4.6,.371,8.8,13.4,.655,.630,3.8,5.1,.748,2.4,11.1,13.5,7.2,1.2,0.8,3.4,2.6,26.5
Damian Jones,C,26,SAC,11,0,9.2,1.2,1.7,.684,0.1,0.2,.500,1.1,1.5,.706,.711,0.9,1.5,.625,1.1,1.9,3.0,0.7,0.1,0.4,0.4,1.2,3.4
Derrick Jones Jr.,PF,24,CHI,22,2,18.5,2.6,4.5,.586,0.4,1.1,.320,2.3,3.4,.676,.626,1.4,1.6,.833,1.4,2.1,3.5,0.5,0.5,1.0,0.5,2.4,7.0
Herb Jones,C,23,NOP,26,17,26.9,2.8,6.1,.462,0.4,1.0,.370,2.4,5.0,.481,.494,0.9,1.2,.767,1.2,2.2,3.3,1.8,1.4,0.9,1.2,2.9,6.9
Kai Jones,C,21,CHO,7,0,2.0,0.3,0.4,.667,0.0,0.0,,0.3,0.4,.667,.667,0.1,0.3,.500,0.1,0.3,0.4,0.0,0.0,0.0,0.4,0.1,0.7
Tre Jones,PG,22,SAS,24,0,11.1,1.8,3.5,.500,0.0,0.3,.143,1.7,3.2,.532,.506,0.5,0.5,1.000,0.3,1.3,1.6,1.8,0.4,0.0,0.6,0.8,4.1
Tyus Jones,PG,25,MEM,27,8,20.3,2.8,6.2,.449,1.0,2.4,.406,1.8,3.8,.476,.527,0.8,0.9,.913,0.2,2.4,2.6,4.3,1.0,0.1,0.8,0.4,7.3
DeAndre Jordan,C,33,LAL,22,16,13.5,2.2,3.2,.686,0.0,0.0,,2.2,3.2,.686,.686,0.3,0.5,.583,1.5,4.4,5.9,0.4,0.4,0.9,0.8,1.8,4.7
Cory Joseph,PG,30,DET,24,4,21.0,2.1,4.9,.424,0.5,1.7,.300,1.6,3.3,.487,.475,1.5,1.8,.837,0.3,1.5,1.8,3.5,0.8,0.2,1.5,1.5,6.2
Georgios Kalaitzakis,SF,23,MIL,9,0,5.3,0.6,1.2,.455,0.2,0.4,.500,0.3,0.8,.429,.545,0.4,1.0,.444,0.4,0.4,0.9,0.0,0.1,0.1,0.4,0.9,1.8
Frank Kaminsky,C,28,PHO,9,0,20.1,4.0,7.3,.545,0.6,1.7,.333,3.4,5.7,.608,.583,2.0,2.2,.900,1.2,3.3,4.6,1.4,0.9,0.8,0.6,1.6,10.6
Luke Kennard,SG,25,LAC,27,2,28.3,4.0,9.0,.439,2.7,6.1,.451,1.2,3.0,.413,.590,0.6,0.6,.941,0.2,3.1,3.3,1.9,0.8,0.1,0.8,1.4,11.3
Louis King,SF,22,SAC,3,0,16.3,2.3,7.0,.333,1.3,4.7,.286,1.0,2.3,.429,.429,2.0,2.3,.857,0.0,2.3,2.3,0.3,0.7,0.0,0.0,2.3,8.0
Corey Kispert,SF,22,WAS,24,0,12.5,1.4,3.4,.420,0.5,2.0,.265,0.9,1.3,.656,.500,0.5,0.6,.786,0.4,1.4,1.8,0.5,0.2,0.1,0.4,0.5,3.8
Maxi Kleber,PF,30,DAL,17,3,22.2,2.5,5.9,.426,1.4,4.1,.343,1.1,1.8,.613,.545,1.0,1.4,.739,1.1,4.1,5.2,0.8,0.4,0.8,0.6,2.2,7.5
Nathan Knight,PF,24,MIN,11,0,3.8,0.5,0.7,.625,0.0,0.1,.000,0.5,0.6,.714,.625,1.0,1.3,.786,0.4,0.8,1.2,0.3,0.1,0.2,0.3,0.5,1.9
Kevin Knox,SF,22,NYK,7,0,7.3,1.1,3.1,.364,0.9,2.3,.375,0.3,0.9,.333,.500,0.3,0.6,.500,0.6,0.4,1.0,0.3,0.1,0.0,0.3,0.3,3.4
John Konchar,SG,25,MEM,25,0,15.4,1.6,3.0,.533,0.5,1.2,.414,1.1,1.8,.609,.613,0.3,0.6,.500,1.0,2.6,3.6,1.3,0.8,0.2,0.5,1.1,4.0
Furkan Korkmaz,SG,24,PHI,26,5,21.8,3.0,8.1,.370,1.5,4.8,.302,1.5,3.3,.471,.460,0.9,1.1,.821,0.3,2.5,2.7,2.4,0.7,0.1,0.9,0.8,8.3
Vit Krejci,SG,21,OKC,3,0,3.0,0.0,0.7,.000,0.0,0.7,.000,0.0,0.0,,.000,0.7,0.7,1.000,0.0,1.0,1.0,0.0,0.0,0.0,0.3,0.0,0.7
Arnoldas Kulboka,F,24,CHO,1,0,3.0,0.0,0.0,,0.0,0.0,,0.0,0.0,,,0.0,0.0,,0.0,0.0,0.0,0.0,0.0,0.0,0.0,0.0,0.0
Jonathan Kuminga,SF,19,GSW,16,0,7.1,1.3,2.9,.447,0.1,0.9,.133,1.2,2.0,.594,.468,0.6,0.9,.600,0.5,1.1,1.6,0.3,0.3,0.1,0.5,1.1,3.3
Kyle Kuzma,PF,26,WAS,26,26,32.8,4.9,11.6,.425,2.1,5.8,.355,2.8,5.7,.497,.515,1.5,2.2,.679,1.0,7.4,8.3,2.9,0.6,0.7,2.0,2.1,13.4
Jeremy Lamb,SF,29,IND,21,0,13.8,2.1,5.5,.379,1.1,3.0,.371,1.0,2.6,.389,.478,1.5,1.5,1.000,0.3,2.2,2.5,1.1,0.5,0.3,0.6,1.1,6.8
Jock Landale,C,26,SAS,9,0,2.8,0.9,1.1,.800,0.2,0.3,.667,0.7,0.8,.857,.900,0.2,0.3,.667,0.2,0.0,0.2,0.2,0.0,0.1,0.1,0.2,2.2
Romeo Langford,SG,22,BOS,21,0,18.3,1.9,4.4,.424,0.7,1.8,.405,1.1,2.6,.436,.505,0.4,0.6,.692,1.0,2.2,3.2,0.5,0.4,0.1,0.5,1.3,4.9
Zach LaVine,SF,26,CHI,27,27,35.1,9.5,19.4,.490,2.9,7.5,.391,6.6,12.0,.551,.565,4.1,4.8,.846,0.3,5.0,5.3,4.2,0.5,0.3,2.7,1.6,26.0
Jake Layman,SF,27,MIN,9,0,4.8,0.4,1.4,.308,0.2,0.7,.333,0.2,0.8,.286,.385,0.0,0.0,,0.1,0.7,0.8,0.1,0.1,0.1,0.2,0.2,1.1
Damion Lee,SG,29,GSW,20,0,20.1,3.0,7.1,.418,1.1,3.2,.328,1.9,3.9,.494,.493,1.1,1.3,.846,0.4,2.7,3.1,1.1,0.4,0.1,0.6,1.4,8.1
Saben Lee,PG,22,DET,11,0,13.6,1.9,4.8,.396,0.5,2.2,.250,1.4,2.6,.517,.453,0.7,1.2,.615,0.3,1.9,2.2,2.0,1.1,0.3,0.8,0.5,5.1
Alex Len,C,28,SAC,19,5,16.5,2.3,4.4,.518,0.3,0.8,.400,1.9,3.6,.544,.554,1.0,1.5,.655,0.9,3.1,3.9,1.0,0.3,1.1,1.1,3.0,5.8
Caris LeVert,SG,27,IND,20,20,28.1,6.3,14.6,.428,1.3,4.5,.289,5.0,10.1,.490,.473,1.7,2.2,.791,0.5,2.4,2.9,3.2,0.9,0.6,1.5,1.9,15.5
Kira Lewis Jr.,PG,20,NOP,24,0,14.2,2.5,6.1,.404,0.5,2.4,.224,1.9,3.7,.523,.449,0.4,0.5,.833,0.4,1.3,1.6,2.0,0.5,0.0,1.1,0.7,5.9
Damian Lillard,PG,31,POR,21,21,35.8,7.2,18.3,.392,2.8,9.3,.296,4.4,9.0,.492,.468,4.4,5.0,.886,0.5,3.8,4.3,7.7,0.6,0.4,2.7,1.3,21.6
Nassir Little,SF,21,POR,23,4,22.4,3.2,6.6,.490,1.0,3.1,.324,2.2,3.5,.638,.566,1.3,1.8,.756,1.3,3.9,5.2,0.7,0.7,0.7,0.9,2.1,8.8
Kevon Looney,C,25,GSW,26,26,18.0,2.3,4.3,.531,0.0,0.0,.000,2.3,4.3,.536,.531,1.0,1.7,.556,2.3,4.0,6.4,1.2,0.5,0.7,0.7,2.5,5.6
Brook Lopez,C,33,MIL,1,1,28.0,3.0,9.0,.333,2.0,4.0,.500,1.0,5.0,.200,.444,0.0,0.0,,2.0,3.0,5.0,0.0,1.0,3.0,0.0,3.0,8.0
Robin Lopez,C,33,ORL,10,1,15.4,3.0,4.9,.612,0.0,0.1,.000,3.0,4.8,.625,.612,1.2,2.0,.600,2.2,1.3,3.5,1.1,0.0,0.6,1.0,1.5,7.2
Didi Louzada,SF,22,NOP,2,0,3.5,0.0,1.5,.000,0.0,1.5,.000,0.0,0.0,,.000,0.0,0.0,,1.0,0.0,1.0,0.5,0.0,0.0,0.0,0.0,0.0
Kevin Love,PF,33,CLE,20,0,19.9,3.6,8.8,.409,2.0,5.1,.386,1.7,3.8,.440,.520,2.2,2.3,.957,1.1,6.1,7.1,2.0,0.3,0.3,1.1,1.1,11.4
Kyle Lowry,PG,35,MIA,25,25,34.0,4.7,11.0,.431,2.1,6.5,.327,2.6,4.5,.580,.527,1.9,2.2,.870,0.6,3.8,4.4,8.1,1.1,0.3,3.1,2.7,13.4
Timothé Luwawu-Cabarrot,SF,26,ATL,19,5,10.7,1.2,3.4,.354,0.8,2.3,.372,0.4,1.2,.318,.477,0.3,0.3,.833,0.2,1.1,1.3,0.5,0.2,0.2,0.2,1.3,3.5
Trey Lyles,PF,26,DET,26,0,16.3,2.5,6.0,.426,0.8,2.6,.309,1.7,3.3,.517,.494,1.7,2.1,.796,1.3,2.8,4.1,0.7,0.3,0.2,0.9,1.4,7.5
Théo Maledon,PG,20,OKC,14,0,12.3,0.7,3.1,.233,0.2,1.9,.111,0.5,1.1,.438,.267,0.9,1.1,.867,0.4,1.3,1.6,1.1,0.4,0.1,1.1,0.9,2.6
Sandro Mamukelashvili,PF,22,MIL,13,1,8.8,1.1,2.4,.452,0.3,0.8,.364,0.8,1.5,.500,.516,0.2,0.2,.667,1.1,1.1,2.2,0.5,0.0,0.1,0.2,0.5,2.6
Terance Mann,SF,25,LAC,26,2,27.8,3.6,7.8,.465,1.0,2.8,.375,2.6,5.0,.515,.532,1.5,1.8,.792,1.5,3.9,5.4,2.3,0.7,0.1,1.2,2.3,9.7
Tre Mann,PG,20,OKC,18,2,16.0,2.8,6.7,.413,1.0,2.7,.367,1.8,4.0,.444,.488,0.8,1.1,.700,0.4,1.4,1.8,0.3,0.6,0.3,0.7,1.4,7.3
Boban Marjanović,C,33,DAL,13,0,6.2,2.2,3.5,.644,0.1,0.2,.500,2.2,3.3,.651,.656,0.5,1.0,.462,0.5,1.5,2.0,0.2,0.0,0.2,0.6,1.2,5.0
Lauri Markkanen,PF,24,CLE,19,19,30.7,5.0,11.9,.420,2.3,6.6,.349,2.7,5.3,.510,.518,1.8,2.2,.833,1.1,4.3,5.4,1.3,0.9,0.5,0.8,1.7,14.2
Naji Marshall,SF,24,NOP,19,0,11.0,1.0,3.2,.311,0.2,1.3,.125,0.8,1.9,.432,.336,1.3,1.5,.862,0.7,2.1,2.8,1.1,0.4,0.2,1.0,1.1,3.5
Caleb Martin,SF,26,MIA,23,2,19.6,2.9,5.9,.489,0.9,2.3,.377,2.0,3.6,.561,.563,1.0,1.6,.639,0.8,2.3,3.2,1.0,0.9,0.6,0.6,1.5,7.6
Cody Martin,SF,26,CHO,26,3,27.0,3.3,6.7,.494,1.1,2.2,.483,2.2,4.5,.500,.575,1.3,1.7,.733,1.4,3.0,4.5,2.5,1.4,0.6,0.7,1.8,9.0
Kelan Martin,SF,26,IND,21,1,17.0,2.9,6.7,.429,0.9,2.9,.300,2.0,3.8,.525,.493,0.3,0.5,.636,0.7,1.2,1.9,1.0,0.5,0.4,0.6,1.3,6.9
Kenyon Martin Jr.,SF,21,HOU,25,0,15.9,2.8,5.1,.555,0.4,1.4,.294,2.4,3.8,.649,.594,0.7,1.1,.607,0.6,2.4,3.0,1.0,0.4,0.4,0.4,1.1,6.8
Garrison Mathews,SG,25,HOU,13,8,28.7,4.2,8.9,.466,3.1,7.6,.404,1.1,1.3,.824,.638,1.9,2.5,.781,0.8,2.2,2.9,0.5,0.8,0.5,0.2,2.8,13.3
Wesley Matthews,SG,35,MIL,4,0,14.0,1.0,2.8,.364,0.5,2.0,.250,0.5,0.8,.667,.455,0.0,0.5,.000,0.3,1.0,1.3,0.3,0.5,0.3,0.5,1.5,2.5
Tyrese Maxey,PG,21,PHI,26,26,34.5,6.2,13.2,.466,1.1,3.0,.367,5.0,10.2,.496,.509,3.0,3.5,.867,0.4,3.2,3.7,4.6,0.7,0.6,1.3,2.3,16.4
Skylar Mays,SG,24,ATL,7,0,2.7,0.6,0.7,.800,0.1,0.3,.500,0.4,0.4,1.000,.900,0.7,0.7,1.000,0.0,0.3,0.3,0.1,0.0,0.0,0.3,0.3,2.0
Miles McBride,PG,21,NYK,8,0,1.6,0.3,1.4,.182,0.0,0.8,.000,0.3,0.6,.400,.182,0.3,0.3,1.000,0.1,0.1,0.3,0.3,0.3,0.1,0.0,0.1,0.8
CJ McCollum,SG,30,POR,24,24,35.3,8.0,18.8,.424,3.2,8.2,.393,4.8,10.6,.447,.509,1.5,2.1,.700,1.1,3.0,4.1,4.5,1.1,0.7,1.9,2.1,20.6
T.J. McConnell,PG,29,IND,24,6,24.2,3.8,7.5,.503,0.3,1.0,.280,3.5,6.5,.538,.522,0.5,0.6,.800,0.8,2.5,3.3,4.8,1.0,0.4,1.2,1.8,8.4
Jaden McDaniels,PF,21,MIN,24,11,25.0,2.5,6.5,.382,0.8,3.0,.254,1.8,3.6,.488,.439,0.4,0.6,.714,1.4,3.0,4.4,0.8,0.9,0.5,1.0,3.6,6.2
Jalen McDaniels,SF,24,CHO,22,0,15.0,1.9,3.6,.525,0.9,2.0,.455,1.0,1.6,.611,.650,0.7,1.1,.640,0.6,2.7,3.3,1.0,0.4,0.4,0.6,1.7,5.5
Doug McDermott,PF,30,SAS,19,19,25.1,4.3,9.1,.468,2.1,4.9,.419,2.2,4.2,.525,.581,0.5,0.7,.769,0.4,1.9,2.4,1.3,0.2,0.1,0.6,1.4,11.1
JaVale McGee,C,34,PHO,25,7,15.9,4.5,6.9,.657,0.0,0.1,.500,4.5,6.8,.659,.660,1.4,2.1,.660,2.6,4.7,7.3,0.6,0.3,0.9,1.6,2.4,10.5
Rodney McGruder,SG,30,DET,10,0,6.7,0.8,2.0,.400,0.2,1.0,.200,0.6,1.0,.600,.450,0.2,0.2,1.000,0.5,0.8,1.3,0.6,0.0,0.1,0.3,0.4,2.0
Alfonzo McKinnie,F,29,CHI,1,0,29.0,2.0,6.0,.333,2.0,3.0,.667,0.0,3.0,.000,.500,0.0,0.0,,0.0,0.0,0.0,1.0,0.0,1.0,1.0,2.0,6.0
JaQuori McLaughlin,PG,24,DAL,2,0,2.5,0.0,0.5,.000,0.0,0.0,,0.0,0.5,.000,.000,0.0,0.0,,0.0,0.0,0.0,1.0,0.0,0.0,0.0,0.0,0.0
Jordan McLaughlin,PG,25,MIN,18,0,10.9,0.7,2.4,.295,0.2,1.1,.200,0.5,1.3,.375,.341,0.5,0.6,.818,0.2,0.8,0.9,2.1,0.6,0.0,0.7,0.4,2.2
Ben McLemore,SG,28,POR,12,0,12.8,2.2,4.7,.464,1.8,4.1,.429,0.4,0.6,.714,.652,0.5,0.6,.857,0.3,0.8,1.1,0.8,0.3,0.0,0.6,1.0,6.6
De'Anthony Melton,SG,23,MEM,24,13,24.6,3.9,9.5,.410,1.8,5.1,.352,2.1,4.4,.476,.504,0.6,0.9,.682,0.9,3.2,4.1,2.5,1.6,0.6,1.6,1.7,10.2
Sam Merrill,SG,25,MEM,6,0,9.7,1.3,4.0,.333,1.2,3.8,.304,0.2,0.2,1.000,.479,0.3,0.7,.500,0.2,1.0,1.2,0.7,0.0,0.0,0.3,0.5,4.2
Chimezie Metu,C,24,SAC,14,10,22.6,3.4,8.2,.409,1.1,4.1,.259,2.3,4.1,.561,.474,0.8,1.1,.733,1.0,5.3,6.3,1.0,0.8,0.9,1.0,1.2,8.6
Khris Middleton,SF,30,MIL,20,20,31.3,6.3,15.2,.414,2.3,6.5,.354,4.0,8.7,.460,.490,3.6,4.1,.878,0.6,5.1,5.6,5.0,1.2,0.2,3.1,2.0,18.5
Patty Mills,PG,33,BRK,27,13,29.1,4.5,10.1,.445,3.0,6.9,.443,1.4,3.2,.448,.596,0.7,0.7,.900,0.3,1.4,1.7,2.4,0.6,0.3,0.9,1.3,12.7
Paul Millsap,PF,36,BRK,21,0,11.2,1.3,3.6,.355,0.3,1.2,.240,1.0,2.4,.412,.395,0.6,0.8,.706,1.2,2.5,3.7,1.0,0.2,0.3,0.5,2.1,3.4
Shake Milton,PG,25,PHI,22,5,25.0,4.4,9.6,.453,1.0,3.0,.318,3.4,6.6,.514,.502,1.6,1.8,.897,0.5,2.5,3.1,2.8,0.7,0.4,1.0,1.9,11.3
Davion Mitchell,PG,23,SAC,27,0,25.5,3.9,9.8,.392,1.2,4.0,.299,2.7,5.9,.456,.453,0.7,1.1,.667,0.6,1.9,2.5,3.5,0.8,0.2,1.0,2.2,9.6
Donovan Mitchell,SG,25,UTA,25,25,32.4,9.2,20.2,.455,3.3,9.3,.352,5.9,10.9,.542,.536,3.1,3.5,.885,0.9,3.0,3.8,5.0,1.7,0.2,3.0,2.4,24.8
Evan Mobley,PF,20,CLE,24,24,33.5,5.5,11.5,.482,0.6,1.8,.333,5.0,9.8,.509,.507,2.3,3.0,.775,1.7,6.8,8.5,2.5,0.9,1.9,1.6,2.2,14.0
Malik Monk,SG,23,LAL,28,2,23.8,3.6,8.1,.447,1.7,4.8,.361,1.9,3.4,.568,.553,0.7,0.9,.800,0.4,2.4,2.8,2.2,0.7,0.3,1.3,1.5,9.7
Moses Moody,SG,19,GSW,17,0,5.5,0.6,1.6,.393,0.1,0.9,.133,0.5,0.8,.692,.429,0.1,0.1,.500,0.1,0.6,0.6,0.2,0.1,0.1,0.1,0.2,1.5
Ja Morant,PG,22,MEM,19,19,32.6,8.9,18.8,.476,1.6,4.6,.356,7.3,14.2,.515,.520,4.6,5.9,.777,1.3,4.3,5.6,6.8,1.6,0.3,3.2,1.3,24.1
Marcus Morris,PF,32,LAC,11,11,29.1,4.4,11.0,.397,2.0,5.5,.367,2.4,5.5,.426,.488,1.2,1.5,.813,0.4,3.5,3.9,2.1,0.6,0.4,1.4,2.5,11.9
Markieff Morris,PF,32,MIA,10,0,18.7,3.2,7.0,.457,0.8,2.2,.364,2.4,4.8,.500,.514,0.5,0.5,1.000,1.3,1.5,2.8,1.4,0.3,0.1,1.2,2.2,7.7
Monte Morris,PG,26,DEN,26,26,30.2,5.2,11.0,.476,1.5,4.2,.355,3.7,6.8,.551,.544,0.4,0.5,.714,0.2,2.5,2.7,4.3,0.8,0.2,1.3,1.5,12.3
Mychal Mulder,PG,27,ORL,12,1,10.8,1.1,4.1,.265,0.8,2.8,.294,0.3,1.3,.200,.367,0.2,0.2,1.000,0.2,1.0,1.2,0.1,0.3,0.1,0.3,0.7,3.2
Trey Murphy III,SF,21,NOP,27,0,14.0,1.5,4.1,.366,1.1,3.0,.378,0.4,1.1,.333,.504,0.3,0.4,.900,0.7,1.6,2.2,0.5,0.3,0.1,0.4,1.2,4.5
Dejounte Murray,PG,25,SAS,26,26,34.3,7.6,17.1,.443,1.3,4.0,.337,6.2,13.1,.475,.482,1.5,2.2,.702,1.0,7.4,8.4,8.3,2.0,0.4,2.5,2.1,18.0
Mike Muscala,C,30,OKC,20,0,14.0,2.6,5.7,.456,1.7,3.8,.440,1.0,2.0,.487,.601,1.2,1.5,.800,0.5,2.7,3.1,0.5,0.4,0.5,0.5,1.3,8.1
Svi Mykhailiuk,SF,24,TOR,26,4,18.1,2.5,5.9,.418,1.1,3.3,.322,1.4,2.5,.545,.510,0.8,0.8,.909,0.6,1.9,2.5,1.0,0.8,0.1,0.7,1.3,6.8
Abdel Nader,SF,28,PHO,14,0,10.4,0.9,2.5,.343,0.3,1.0,.286,0.6,1.5,.381,.400,0.4,0.7,.600,0.3,1.6,1.9,0.5,0.6,0.3,0.8,1.4,2.4
Larry Nance Jr.,PF,29,POR,27,1,20.6,2.5,4.9,.519,0.4,1.6,.273,2.1,3.2,.644,.565,0.7,1.2,.606,1.5,3.7,5.3,1.6,0.9,0.4,0.8,1.6,6.2
RJ Nembhard,SG,22,CLE,2,0,1.5,0.5,0.5,1.000,0.0,0.0,,0.5,0.5,1.000,1.000,0.0,0.0,,0.0,0.5,0.5,0.5,0.0,0.0,0.0,0.0,1.0
Aaron Nesmith,SF,22,BOS,22,0,9.8,1.1,3.2,.357,0.5,2.1,.255,0.6,1.0,.565,.443,0.2,0.2,.800,0.3,1.2,1.5,0.4,0.3,0.0,0.5,1.3,3.0
Raul Neto,PG,29,WAS,26,0,19.9,3.2,6.9,.458,0.5,1.8,.261,2.7,5.1,.526,.492,1.1,1.5,.718,0.2,1.8,2.0,2.6,0.7,0.0,1.2,1.5,7.8
Georges Niang,PF,28,PHI,27,5,23.5,3.8,8.6,.442,2.0,5.1,.388,1.8,3.4,.522,.558,1.0,1.1,.931,0.2,2.3,2.5,1.5,0.6,0.3,0.7,2.5,10.6
Daishen Nix,SG,19,HOU,1,0,2.0,0.0,0.0,,0.0,0.0,,0.0,0.0,,,0.0,0.0,,0.0,0.0,0.0,1.0,0.0,0.0,0.0,0.0,0.0
Zeke Nnaji,PF,21,DEN,14,0,13.9,2.1,4.4,.475,1.2,2.1,.567,0.9,2.2,.387,.615,0.9,1.3,.667,1.0,2.0,3.0,0.3,0.1,0.4,0.4,1.6,6.2
Nerlens Noel,C,27,NYK,13,6,23.3,1.5,2.8,.514,0.0,0.2,.000,1.5,2.7,.543,.514,0.9,1.1,.857,2.3,3.6,5.9,0.8,1.1,1.2,1.0,2.6,3.8
Jaylen Nowell,SG,22,MIN,13,0,7.0,1.4,3.4,.409,0.3,0.9,.333,1.1,2.5,.438,.455,0.2,0.3,.500,0.2,0.7,0.9,1.2,0.2,0.3,0.1,0.3,3.2
Frank Ntilikina,PG,23,DAL,19,0,12.8,1.5,4.3,.358,0.8,2.3,.341,0.7,1.9,.378,.451,0.6,0.6,1.000,0.2,1.5,1.7,1.2,0.6,0.2,0.6,1.0,4.5
Jusuf Nurkić,C,27,POR,27,27,24.7,5.0,8.7,.576,0.2,0.8,.238,4.9,8.0,.609,.587,2.9,3.9,.750,2.4,7.7,10.1,2.3,1.1,0.6,2.1,3.1,13.1
David Nwaba,SF,29,HOU,18,0,10.7,1.3,3.1,.429,0.1,0.8,.067,1.3,2.3,.561,.438,0.8,1.2,.636,0.6,2.3,2.9,0.6,0.6,0.3,0.5,1.1,3.5
Jordan Nwora,SF,23,MIL,22,0,17.3,2.5,6.5,.385,1.2,3.4,.347,1.3,3.1,.426,.476,0.5,0.6,.846,0.5,2.6,3.1,1.1,0.2,0.4,1.2,1.0,6.7
Royce O'Neale,SF,28,UTA,24,24,31.0,2.8,5.7,.496,1.6,3.9,.404,1.3,1.8,.698,.635,0.5,0.8,.684,1.0,4.0,5.0,2.4,1.5,0.7,1.1,2.2,7.8
Semi Ojeleye,PF,27,MIL,11,0,19.8,1.1,4.3,.255,0.5,2.5,.214,0.5,1.7,.316,.319,0.3,0.5,.600,1.9,1.7,3.6,0.4,0.4,0.5,0.5,1.5,3.0
Chuma Okeke,PF,23,ORL,22,0,20.7,2.4,6.7,.351,0.6,3.2,.200,1.7,3.5,.487,.399,1.0,1.2,.852,0.6,3.4,4.0,1.2,0.8,0.3,0.9,1.2,6.4
Josh Okogie,SG,23,MIN,18,5,14.3,0.9,2.7,.333,0.3,1.1,.250,0.6,1.6,.393,.385,0.6,1.1,.500,0.9,1.3,2.3,0.9,0.6,0.3,0.5,1.4,2.6
Isaac Okoro,SF,21,CLE,21,17,28.9,3.1,7.5,.414,0.7,3.0,.242,2.4,4.5,.526,.462,1.5,2.0,.762,1.4,2.6,4.0,1.8,0.9,0.3,1.1,2.2,8.4
KZ Okpala,PF,22,MIA,14,0,9.4,0.9,2.4,.382,0.4,1.2,.294,0.6,1.2,.471,.456,0.4,0.6,.750,0.4,1.4,1.9,0.4,0.1,0.3,0.1,1.0,2.6
Kelly Olynyk,C,30,DET,10,1,23.0,4.5,9.8,.459,1.4,4.1,.341,3.1,5.7,.544,.531,2.1,3.5,.600,1.3,4.0,5.3,2.3,1.4,0.7,1.5,2.7,12.5
Eugene Omoruyi,SF,24,DAL,4,0,4.5,0.5,1.3,.400,0.3,0.5,.500,0.3,0.8,.333,.500,0.5,1.0,.500,0.5,1.3,1.8,0.5,0.0,0.0,0.0,0.5,1.8
Miye Oni,SG,24,UTA,13,0,3.0,0.2,0.5,.286,0.1,0.5,.167,0.1,0.1,1.000,.357,0.0,0.1,.000,0.0,0.4,0.4,0.4,0.0,0.0,0.1,0.4,0.4
Cedi Osman,SF,26,CLE,22,0,22.8,4.0,8.9,.456,2.4,5.9,.411,1.6,3.0,.545,.592,1.1,1.5,.727,0.4,2.3,2.6,1.8,1.1,0.4,0.9,1.8,11.6
Kelly Oubre Jr.,SF,26,CHO,28,9,29.3,6.3,13.6,.463,3.0,7.7,.386,3.4,6.0,.563,.572,1.3,2.0,.649,1.3,3.0,4.2,1.3,1.1,0.4,1.1,2.5,16.9
Kevin Pangos,PG,29,CLE,10,0,3.4,0.3,0.8,.375,0.2,0.5,.400,0.1,0.3,.333,.500,0.1,0.2,.500,0.1,0.1,0.2,0.6,0.1,0.0,0.4,0.5,0.9
Jabari Parker,PF,26,BOS,9,0,9.3,1.6,3.0,.519,0.6,1.0,.556,1.0,2.0,.500,.611,0.9,0.9,1.000,0.4,1.8,2.2,0.4,0.3,0.1,0.6,1.2,4.6
Eric Paschall,PF,25,UTA,22,0,11.0,1.2,2.8,.426,0.5,1.8,.308,0.6,1.0,.636,.525,0.5,0.8,.706,0.6,1.2,1.8,0.6,0.1,0.1,0.5,0.8,3.5
Chris Paul,PG,36,PHO,25,25,32.3,5.2,10.8,.480,1.0,3.0,.333,4.2,7.8,.536,.526,3.1,3.7,.828,0.3,3.6,3.9,10.2,2.0,0.4,2.4,2.1,14.4
Cameron Payne,PG,27,PHO,20,0,18.4,3.6,9.4,.385,1.1,3.5,.314,2.5,5.9,.427,.444,1.8,2.1,.833,0.4,2.5,2.9,3.1,0.6,0.3,1.8,1.8,10.1
Elfrid Payton,PG,27,PHO,11,0,11.5,1.8,4.2,.435,0.0,0.2,.000,1.8,4.0,.455,.435,0.4,0.7,.500,0.5,1.6,2.2,2.1,0.5,0.1,0.7,0.8,4.0
Gary Payton II,PG,29,GSW,25,1,14.6,2.6,4.0,.660,0.5,1.4,.382,2.1,2.6,.803,.725,0.8,1.2,.655,1.1,2.1,3.2,0.8,1.2,0.2,0.5,1.7,6.6
Jamorko Pickett,PF,24,DET,3,0,3.0,0.3,0.3,1.000,0.3,0.3,1.000,0.0,0.0,,1.500,0.0,0.0,,0.0,0.0,0.0,0.0,0.0,0.0,0.3,0.0,1.0
Mason Plumlee,C,31,CHO,20,20,26.2,3.0,5.0,.596,0.0,0.0,,3.0,5.0,.596,.596,0.9,2.6,.346,2.6,4.7,7.3,2.8,0.9,1.0,1.2,3.0,6.8
Jakob Poeltl,C,26,SAS,19,18,28.8,5.7,9.2,.626,0.0,0.0,,5.7,9.2,.626,.626,0.9,2.7,.353,4.3,4.7,9.1,2.7,0.5,1.6,1.7,3.1,12.4
Aleksej Pokusevski,PF,20,OKC,26,0,14.8,1.9,5.6,.338,0.5,2.5,.200,1.4,3.1,.450,.383,0.2,0.5,.500,1.0,3.3,4.3,1.2,0.5,0.5,1.2,1.2,4.5
Yves Pons,SF,22,MEM,2,0,2.0,0.0,0.5,.000,0.0,0.0,,0.0,0.5,.000,.000,0.0,0.0,,0.5,0.0,0.5,0.0,0.0,0.0,0.0,0.0,0.0
Jordan Poole,SG,22,GSW,26,26,30.7,6.4,14.3,.450,2.8,8.0,.349,3.6,6.2,.580,.549,2.5,2.8,.917,0.3,2.9,3.2,3.4,1.1,0.2,2.5,2.8,18.2
Kevin Porter Jr.,PG,21,HOU,19,19,30.2,4.4,12.2,.358,1.8,5.8,.309,2.6,6.4,.402,.431,2.3,3.7,.629,0.8,3.6,4.4,5.8,1.3,0.3,4.0,2.3,12.8
Michael Porter Jr.,SF,23,DEN,9,9,29.4,4.1,11.4,.359,1.1,5.3,.208,3.0,6.1,.491,.408,0.6,1.0,.556,1.0,5.6,6.6,1.9,1.1,0.2,1.3,1.8,9.9
Otto Porter,PF,28,GSW,23,0,19.3,2.5,5.8,.436,1.7,4.1,.411,0.8,1.7,.500,.583,0.7,0.8,.789,0.7,3.9,4.6,1.0,0.8,0.3,0.6,1.4,7.4
Bobby Portis,C,26,MIL,23,19,28.6,5.9,12.4,.474,1.9,4.7,.407,4.0,7.7,.514,.551,1.9,2.4,.786,2.9,6.2,9.1,1.3,1.0,1.0,1.7,2.6,15.6
Kristaps Porziņģis,PF,26,DAL,19,19,30.0,7.1,15.6,.451,1.6,5.4,.291,5.5,10.2,.536,.502,3.6,4.0,.895,2.1,5.5,7.6,2.1,0.8,1.4,1.3,2.5,19.3
Dwight Powell,C,30,DAL,26,23,19.8,2.2,3.8,.576,0.3,0.8,.350,1.9,3.0,.633,.611,1.2,1.7,.698,2.0,2.6,4.5,1.2,0.5,0.5,0.7,2.4,5.8
Norman Powell,SF,28,POR,23,23,30.7,5.9,12.6,.467,1.9,4.7,.402,4.0,7.9,.505,.542,3.7,4.5,.817,0.3,2.0,2.4,1.9,0.8,0.3,1.4,2.0,17.3
Joshua Primo,SG,19,SAS,8,0,7.4,0.8,1.4,.545,0.5,1.0,.500,0.3,0.4,.667,.727,0.0,0.0,,0.1,0.6,0.8,0.5,0.4,0.5,0.0,0.5,2.0
Taurean Prince,PF,27,MIN,24,8,15.4,1.5,4.2,.366,0.9,2.8,.309,0.7,1.4,.485,.470,0.7,0.9,.762,0.5,1.6,2.1,0.8,0.4,0.2,0.5,1.5,4.6
Payton Pritchard,SG,24,BOS,21,0,9.5,0.9,3.3,.271,0.7,2.2,.319,0.2,1.1,.174,.379,0.2,0.2,1.000,0.3,0.9,1.2,1.5,0.0,0.1,0.6,0.7,2.8
Immanuel Quickley,PG,22,NYK,27,1,21.5,3.2,8.3,.388,1.6,5.0,.328,1.6,3.3,.478,.487,1.5,1.6,.932,0.4,1.9,2.3,2.5,0.7,0.0,1.0,2.0,9.6
Jahmi'us Ramsey,SG,20,SAC,7,0,6.6,0.7,2.0,.357,0.1,0.9,.167,0.6,1.1,.500,.393,0.3,0.6,.500,0.0,0.0,0.0,0.3,0.0,0.1,0.0,0.4,1.9
Julius Randle,PF,27,NYK,27,27,35.3,6.9,16.2,.426,1.7,5.2,.326,5.2,11.0,.473,.478,3.6,4.8,.760,1.9,8.1,10.0,5.3,0.7,0.7,3.4,2.7,19.1
Austin Reaves,SG,23,LAL,16,0,18.9,1.8,3.9,.468,0.7,2.2,.314,1.1,1.7,.667,.556,0.9,1.1,.882,0.3,1.9,2.2,1.0,0.2,0.1,0.7,1.6,5.3
Cam Reddish,SF,22,ATL,22,0,22.2,3.8,9.4,.401,1.5,4.2,.370,2.2,5.2,.426,.483,2.0,2.3,.900,0.8,1.9,2.7,1.0,1.0,0.2,1.3,1.4,11.1
Davon Reed,SG,26,DEN,5,1,15.2,1.4,3.0,.467,0.6,1.0,.600,0.8,2.0,.400,.567,0.0,0.0,,0.4,3.2,3.6,1.4,1.4,0.2,0.4,1.2,3.4
Paul Reed,C,22,PHI,14,2,9.8,1.3,2.5,.514,0.0,0.2,.000,1.3,2.3,.563,.514,0.0,0.0,,1.1,1.6,2.7,0.6,0.6,0.6,0.4,1.5,2.6
Naz Reid,C,22,MIN,25,1,16.1,3.3,7.1,.469,0.9,2.5,.355,2.4,4.6,.530,.531,1.5,2.1,.712,1.3,2.2,3.5,0.7,0.5,0.9,1.0,2.4,9.0
Nick Richards,C,24,CHO,22,4,9.5,1.5,2.2,.694,0.0,0.0,,1.5,2.2,.694,.694,0.7,0.8,.833,1.0,1.2,2.2,0.3,0.2,0.6,0.6,1.5,3.8
Josh Richardson,SG,28,BOS,20,0,24.4,3.6,7.7,.464,1.2,3.3,.354,2.4,4.4,.545,.539,1.4,1.7,.824,0.7,2.2,2.8,1.3,0.6,0.5,0.7,1.9,9.7
Austin Rivers,SG,29,DEN,18,3,17.4,1.5,4.3,.346,0.7,2.7,.271,0.8,1.7,.467,.429,0.2,0.3,.500,0.4,1.1,1.4,0.8,0.5,0.1,0.6,1.2,3.9
Duncan Robinson,SG,27,MIA,27,27,27.9,3.9,10.3,.383,2.9,8.6,.342,1.0,1.7,.587,.525,0.5,0.7,.778,0.3,3.0,3.3,1.3,0.7,0.3,0.8,2.8,11.3
Justin Robinson,PG,24,MIL,17,0,11.6,1.1,3.4,.316,0.6,2.2,.270,0.5,1.2,.400,.404,0.1,0.1,1.000,0.1,0.6,0.8,1.2,0.5,0.0,0.6,1.0,2.8
Mitchell Robinson,C,23,NYK,24,20,24.4,2.8,3.7,.742,0.0,0.0,,2.8,3.7,.742,.742,1.4,2.2,.635,3.1,4.6,7.8,0.6,0.4,1.7,0.6,2.8,6.9
Jeremiah Robinson-Earl,C,21,OKC,26,19,21.7,2.7,6.3,.421,1.1,3.2,.349,1.5,3.1,.494,.509,0.5,0.8,.667,1.7,4.0,5.8,0.8,0.5,0.3,0.8,1.5,7.0
Isaiah Roby,PF,23,OKC,13,1,12.6,2.5,4.8,.516,0.4,1.2,.333,2.1,3.6,.574,.556,1.1,1.3,.824,1.1,1.6,2.7,0.8,0.2,0.4,0.7,1.2,6.4
Rajon Rondo,PG,35,LAL,14,0,14.9,1.4,4.5,.317,0.5,1.8,.280,0.9,2.7,.342,.373,0.0,0.0,,0.6,1.9,2.4,3.6,0.8,0.2,1.6,1.4,3.4
Derrick Rose,PG,33,NYK,24,2,24.5,4.9,10.8,.452,1.4,3.6,.391,3.5,7.2,.483,.517,1.2,1.2,.966,0.8,2.2,3.0,4.0,0.9,0.5,1.5,0.5,12.3
Terrence Ross,SG,30,ORL,27,0,25.3,3.6,9.1,.393,1.4,4.7,.302,2.2,4.5,.488,.470,2.2,2.6,.857,0.3,1.9,2.3,2.0,0.6,0.2,1.5,1.3,10.8
Terry Rozier,SG,27,CHO,19,19,32.9,6.5,15.2,.429,2.6,7.4,.350,3.9,7.8,.503,.514,2.1,2.4,.870,0.6,2.9,3.5,3.6,1.3,0.5,1.4,1.4,17.7
Ricky Rubio,PG,31,CLE,28,5,28.6,4.3,11.9,.359,1.8,5.1,.350,2.5,6.8,.366,.434,2.7,3.2,.843,0.4,3.5,4.0,6.3,1.2,0.1,2.7,2.3,13.0
D'Angelo Russell,PG,25,MIN,22,22,32.8,6.5,17.0,.383,2.9,8.8,.330,3.6,8.1,.441,.469,3.0,3.7,.817,0.5,3.4,3.9,6.4,0.9,0.7,2.6,2.2,19.0
Domantas Sabonis,C,25,IND,28,27,34.1,6.9,11.9,.584,0.8,2.5,.310,6.1,9.3,.659,.617,3.5,4.6,.762,3.2,8.7,11.9,4.2,1.1,0.4,3.0,3.3,18.2
Tomáš Satoranský,SG,30,NOP,24,3,15.2,1.0,3.1,.333,0.1,0.8,.158,0.9,2.3,.393,.353,0.5,0.7,.750,0.5,1.5,2.0,2.0,0.3,0.0,0.8,1.2,2.7
Dennis Schröder,SG,28,BOS,26,17,33.4,6.3,14.3,.445,1.6,4.6,.342,4.8,9.7,.494,.500,3.2,3.6,.894,0.7,3.0,3.6,4.9,0.9,0.0,2.6,2.4,17.5
Jay Scrubb,SG,21,LAC,7,0,6.9,1.6,3.7,.423,0.6,1.7,.333,1.0,2.0,.500,.500,0.1,0.3,.500,0.0,0.6,0.6,0.6,0.1,0.3,0.1,0.4,3.9
Wayne Selden,SG,27,NYK,1,0,1.0,0.0,0.0,,0.0,0.0,,0.0,0.0,,,0.0,0.0,,0.0,0.0,0.0,0.0,0.0,0.0,0.0,0.0,0.0
Alperen Şengün,C,19,HOU,25,2,17.9,3.0,6.0,.507,0.4,1.1,.357,2.6,4.9,.541,.540,2.6,3.6,.711,1.4,3.1,4.5,2.6,1.1,0.7,1.8,3.0,9.0
Collin Sexton,SG,23,CLE,11,11,28.7,6.2,13.7,.450,1.0,4.1,.244,5.2,9.6,.538,.487,2.6,3.5,.744,1.2,2.1,3.3,2.1,0.9,0.0,2.8,2.3,16.0
Landry Shamet,SG,24,PHO,24,4,20.0,2.5,6.7,.375,1.8,4.5,.398,0.7,2.2,.327,.509,1.1,1.3,.839,0.2,2.3,2.5,1.7,0.3,0.1,0.5,1.2,7.9
Day'Ron Sharpe,PF,20,BRK,8,0,4.5,1.1,2.1,.529,0.1,0.4,.333,1.0,1.8,.571,.559,0.3,0.6,.400,1.0,1.1,2.1,0.0,0.3,0.3,0.8,0.5,2.6
Pascal Siakam,PF,27,TOR,15,15,34.1,7.0,15.3,.457,1.2,3.5,.340,5.8,11.8,.492,.496,3.7,4.9,.757,1.9,5.7,7.7,3.8,0.6,0.8,2.3,3.3,18.9
Marko Simonovic,C,22,CHI,3,0,4.0,0.0,1.7,.000,0.0,1.0,.000,0.0,0.7,.000,.000,1.0,1.3,.750,0.3,0.3,0.7,0.0,0.0,0.0,0.3,0.0,1.0
Anfernee Simons,SG,22,POR,23,3,23.4,4.7,10.3,.458,2.2,5.7,.392,2.5,4.7,.537,.565,0.9,1.0,.909,0.5,2.1,2.6,2.2,0.4,0.2,1.1,1.7,12.6
Jericho Sims,PF,23,NYK,9,0,6.4,0.3,0.3,1.000,0.0,0.0,,0.3,0.3,1.000,1.000,0.3,0.4,.750,0.3,1.3,1.7,0.1,0.2,0.4,0.2,0.4,1.0
Javonte Smart,PG,22,MIL,5,0,11.2,1.2,3.2,.375,0.4,1.8,.222,0.8,1.4,.571,.438,1.0,1.2,.833,0.8,1.6,2.4,1.2,0.2,0.0,0.4,0.8,3.8
Marcus Smart,PG,27,BOS,26,26,34.3,3.9,10.2,.383,1.3,4.8,.280,2.5,5.3,.475,.449,1.9,2.5,.758,0.5,3.3,3.8,5.3,2.2,0.3,2.0,2.4,11.0
Dennis Smith Jr.,PG,24,POR,16,3,17.4,2.1,5.0,.425,0.3,1.1,.278,1.8,3.9,.468,.456,1.2,1.7,.704,0.4,1.9,2.3,3.1,1.3,0.4,1.8,1.4,5.8
Ish Smith,PG,33,CHO,18,1,13.6,2.2,5.3,.417,0.2,0.3,.500,2.1,5.0,.411,.432,0.2,0.4,.375,0.1,1.2,1.3,2.4,0.4,0.2,0.9,0.7,4.8
Jalen Smith,PF,21,PHO,8,0,7.1,1.3,2.8,.455,0.1,1.0,.125,1.1,1.8,.643,.477,0.8,0.9,.857,0.8,2.3,3.0,0.1,0.3,0.4,0.3,0.8,3.4
Tony Snell,SG,30,POR,21,3,11.8,0.6,2.1,.295,0.4,1.6,.265,0.2,0.5,.400,.398,0.0,0.0,1.000,0.1,1.2,1.3,0.7,0.2,0.1,0.2,0.9,1.7
Jaden Springer,SG,19,PHI,1,0,2.0,0.0,0.0,,0.0,0.0,,0.0,0.0,,,0.0,0.0,,0.0,0.0,0.0,0.0,0.0,0.0,0.0,0.0,0.0
Lamar Stevens,PF,24,CLE,17,0,9.9,1.1,2.9,.367,0.4,1.0,.353,0.7,1.9,.375,.429,0.2,0.4,.571,0.6,0.9,1.5,0.3,0.2,0.2,0.4,1.2,2.7
Isaiah Stewart,C,20,DET,24,24,25.9,3.3,6.1,.544,0.0,0.5,.083,3.3,5.6,.585,.548,0.8,1.2,.690,2.5,5.6,8.0,1.2,0.5,1.2,1.0,2.6,7.5
Max Strus,SF,25,MIA,20,0,20.2,3.1,6.8,.452,2.0,4.8,.406,1.1,2.0,.564,.596,0.7,0.9,.722,0.3,2.7,3.0,0.9,0.4,0.1,0.6,1.5,8.7
Jalen Suggs,PG,20,ORL,21,21,27.8,4.1,12.2,.339,1.2,4.9,.255,2.9,7.4,.394,.389,2.8,3.6,.763,0.8,2.6,3.4,3.6,1.1,0.4,3.2,2.8,12.3
Jae'Sean Tate,SF,26,HOU,26,26,28.2,4.7,9.5,.488,0.7,2.6,.265,4.0,6.9,.572,.524,1.9,2.6,.721,2.0,4.1,6.1,3.1,0.8,0.7,2.0,3.5,11.9
Jayson Tatum,SF,23,BOS,27,27,36.3,9.0,21.7,.414,2.7,8.3,.327,6.3,13.5,.467,.476,4.9,6.0,.815,1.1,7.6,8.7,3.6,0.9,0.8,2.8,2.5,25.6
Garrett Temple,SG,35,NOP,27,9,18.6,1.8,4.8,.377,1.1,3.0,.363,0.7,1.9,.400,.488,0.7,0.9,.792,0.7,2.1,2.9,1.1,0.9,0.6,0.8,1.6,5.4
Daniel Theis,C,29,HOU,18,16,22.6,3.2,6.6,.492,0.9,3.0,.296,2.3,3.6,.656,.559,1.0,1.3,.750,1.1,3.8,4.9,0.8,0.4,0.6,1.2,2.3,8.3
Brodric Thomas,SG,25,BOS,2,0,1.0,0.0,0.0,,0.0,0.0,,0.0,0.0,,,0.0,0.0,,0.5,0.0,0.5,0.0,0.0,0.0,0.5,0.0,0.0
Cameron Thomas,SG,20,BRK,20,0,13.8,2.2,5.4,.398,0.5,2.2,.227,1.7,3.2,.516,.444,0.7,0.9,.778,0.2,1.6,1.8,0.8,0.4,0.2,0.2,0.5,5.5
Matt Thomas,SG,27,CHI,8,0,6.1,0.6,2.4,.263,0.3,1.1,.222,0.4,1.3,.300,.316,0.0,0.0,,0.0,0.6,0.6,0.0,0.3,0.1,0.0,0.4,1.5
Tristan Thompson,PF,30,SAC,19,0,14.3,2.4,4.6,.517,0.0,0.0,,2.4,4.6,.517,.517,1.2,2.1,.550,2.7,2.9,5.6,0.6,0.3,0.4,0.9,1.7,5.9
JT Thor,PF,19,CHO,6,0,12.8,1.2,2.8,.412,0.5,2.0,.250,0.7,0.8,.800,.500,0.5,1.0,.500,0.3,1.3,1.7,0.8,0.3,0.5,0.2,1.5,3.3
Matisse Thybulle,SG,24,PHI,20,6,25.1,2.4,4.9,.485,0.7,2.4,.292,1.7,2.5,.673,.557,0.3,0.3,1.000,0.5,1.8,2.3,1.1,1.8,1.2,1.0,2.1,5.7
Killian Tillie,C,23,MEM,13,0,10.1,1.2,3.0,.410,0.8,2.0,.385,0.5,1.0,.462,.538,0.2,0.3,.500,0.5,0.6,1.1,0.4,0.5,0.5,0.3,1.1,3.4
Xavier Tillman Sr.,PF,23,MEM,20,0,14.4,1.9,4.4,.432,0.3,1.3,.200,1.7,3.2,.524,.460,0.9,1.4,.607,1.4,1.9,3.3,1.4,1.2,0.5,0.7,1.3,4.9
Isaiah Todd,PF,20,WAS,5,0,2.8,0.8,2.0,.400,0.8,1.4,.571,0.0,0.6,.000,.600,0.2,0.4,.500,0.2,0.2,0.4,0.0,0.4,0.2,0.2,0.2,2.6
Obi Toppin,PF,23,NYK,26,0,15.9,3.4,6.4,.530,0.3,1.8,.196,3.0,4.6,.658,.557,1.6,2.0,.788,1.2,2.7,3.9,0.9,0.3,0.6,0.9,1.5,8.7
Juan Toscano-Anderson,SF,28,GSW,25,1,16.2,2.0,3.7,.527,0.4,1.3,.273,1.6,2.4,.667,.575,0.7,1.0,.654,0.6,2.3,2.9,2.2,0.6,0.4,1.2,1.5,5.0
Karl-Anthony Towns,C,26,MIN,26,26,34.4,8.5,17.0,.501,2.4,5.7,.423,6.1,11.2,.541,.573,4.6,5.6,.815,3.0,6.2,9.2,3.3,1.0,1.1,3.5,3.7,24.0
Gary Trent Jr.,SG,23,TOR,24,23,34.6,6.3,14.6,.430,2.8,7.2,.384,3.5,7.5,.475,.524,1.7,1.8,.909,0.5,2.8,3.3,1.8,2.0,0.3,0.9,2.1,17.0
P.J. Tucker,PF,36,MIA,27,27,27.8,2.6,5.3,.493,1.1,2.5,.426,1.6,2.8,.553,.594,0.5,0.6,.824,1.6,4.1,5.7,2.0,0.7,0.3,0.8,2.4,6.9
Myles Turner,C,25,IND,27,27,29.4,4.7,8.9,.531,1.9,4.7,.398,2.8,4.1,.685,.638,1.8,2.5,.716,1.5,5.9,7.4,0.9,0.6,2.7,1.3,2.6,13.1
Jonas Valančiūnas,C,29,NOP,29,29,31.2,7.2,14.0,.515,1.1,2.4,.457,6.1,11.6,.527,.554,3.2,3.9,.816,3.5,8.4,11.9,2.5,0.6,0.9,2.1,3.2,18.7
Denzel Valentine,SG,28,CLE,17,0,6.3,0.6,2.1,.278,0.4,1.4,.304,0.2,0.8,.231,.375,0.0,0.0,,0.4,0.7,1.1,0.2,0.3,0.0,0.4,0.5,1.6
Jarred Vanderbilt,PF,22,MIN,26,19,23.8,2.5,4.6,.550,0.1,0.3,.222,2.5,4.3,.577,.558,1.0,1.3,.771,3.0,5.2,8.2,1.2,1.5,0.8,1.0,2.7,6.2
Fred VanVleet,PG,27,TOR,25,25,38.1,6.9,16.1,.430,3.2,8.3,.389,3.7,7.8,.474,.531,2.6,3.0,.855,0.8,4.4,5.1,6.4,1.5,0.6,3.2,2.7,19.7
Devin Vassell,SF,21,SAS,21,0,24.3,4.3,9.3,.459,1.7,4.6,.371,2.6,4.7,.545,.551,0.9,1.3,.704,0.6,3.2,3.8,1.5,1.1,0.8,0.7,2.0,11.2
Gabe Vincent,PG,25,MIA,24,2,17.8,2.4,5.5,.435,1.2,3.3,.354,1.2,2.2,.558,.542,0.5,0.7,.813,0.5,1.2,1.7,2.5,0.8,0.1,1.2,2.1,6.5
Nikola Vučević,C,31,CHI,20,20,33.2,6.2,15.4,.404,1.6,4.7,.340,4.6,10.7,.432,.456,1.2,1.8,.639,1.7,8.9,10.5,3.6,1.0,1.0,1.6,2.4,15.2
Dean Wade,PF,25,CLE,19,11,19.8,1.7,4.1,.410,0.9,2.8,.321,0.8,1.3,.600,.519,0.3,0.3,.833,0.7,2.3,2.9,1.1,0.6,0.1,0.3,1.7,4.5
Franz Wagner,SF,20,ORL,28,28,32.0,5.5,12.1,.453,1.5,3.8,.390,4.0,8.3,.481,.513,1.9,2.4,.791,1.3,3.2,4.4,2.8,1.1,0.5,1.3,2.4,14.3
Moritz Wagner,C,24,ORL,25,0,11.4,1.9,4.4,.431,1.0,2.8,.348,0.9,1.6,.575,.541,1.0,1.4,.743,0.5,1.9,2.4,0.8,0.2,0.2,0.8,1.8,5.8
Ish Wainright,PF,27,PHO,7,0,4.7,0.1,1.6,.091,0.0,0.7,.000,0.1,0.9,.167,.091,0.0,0.3,.000,0.4,0.3,0.7,0.3,0.3,0.0,0.4,1.3,0.3
Kemba Walker,PG,31,NYK,18,18,24.5,4.2,9.8,.429,2.1,5.1,.413,2.1,4.7,.447,.537,1.1,1.4,.800,0.1,2.4,2.6,3.1,1.1,0.3,1.3,1.1,11.7
Lonnie Walker,SG,23,SAS,26,3,22.3,3.8,9.9,.385,1.5,5.1,.295,2.3,4.8,.480,.461,1.5,1.7,.864,0.2,2.7,2.9,2.3,0.6,0.3,1.3,1.3,10.6
Brad Wanamaker,PG,32,IND,16,0,12.6,1.3,3.4,.364,0.3,0.9,.286,1.0,2.6,.390,.400,0.9,1.1,.882,0.3,1.4,1.6,2.1,0.1,0.4,1.0,1.9,3.7
Duane Washington Jr.,PG,21,IND,3,0,2.3,0.7,1.3,.500,0.3,1.0,.333,0.3,0.3,1.000,.625,0.0,0.0,,0.0,0.3,0.3,0.0,0.0,0.0,0.0,0.0,1.7
P.J. Washington,PF,23,CHO,15,3,25.0,3.7,8.2,.455,2.0,4.5,.448,1.7,3.7,.464,.577,1.1,1.5,.696,1.2,4.0,5.2,1.9,0.7,1.3,1.4,2.1,10.5
Yuta Watanabe,SF,27,TOR,7,0,17.1,1.7,5.1,.333,1.3,3.7,.346,0.4,1.4,.300,.458,0.7,1.4,.500,0.7,2.1,2.9,0.9,0.6,0.4,0.1,1.4,5.4
Trendon Watford,SF,21,POR,6,0,5.3,1.0,2.0,.500,0.0,0.0,,1.0,2.0,.500,.500,0.3,0.5,.667,0.3,0.7,1.0,0.7,0.3,0.3,0.3,0.2,2.3
Paul Watson,SF,27,OKC,5,0,15.6,0.4,3.0,.133,0.4,2.6,.154,0.0,0.4,.000,.200,0.2,0.4,.500,0.4,2.0,2.4,0.6,0.2,0.6,0.6,1.0,1.4
Russell Westbrook,PG,33,LAL,28,28,36.0,7.4,16.3,.451,1.3,4.0,.324,6.1,12.4,.491,.490,3.5,5.2,.676,1.3,6.4,7.7,8.4,1.2,0.2,4.6,3.0,19.5
Coby White,PG,21,CHI,9,1,17.6,2.4,7.0,.349,0.8,3.4,.226,1.7,3.6,.469,.405,0.4,0.8,.571,0.1,2.4,2.6,1.3,0.1,0.1,0.9,1.7,6.1
Derrick White,SG,27,SAS,26,26,31.2,5.1,12.1,.419,1.5,5.4,.286,3.5,6.7,.526,.483,2.2,2.7,.841,0.5,3.3,3.8,5.1,1.2,0.9,1.5,2.1,13.9
Hassan Whiteside,C,32,UTA,24,0,15.5,3.0,4.9,.610,0.0,0.0,,3.0,4.9,.610,.610,1.5,2.1,.706,2.3,4.6,6.8,0.3,0.2,1.4,1.0,2.9,7.5
Joe Wieskamp,SG,22,SAS,3,0,2.7,0.3,0.3,1.000,0.3,0.3,1.000,0.0,0.0,,1.500,0.0,0.0,,0.0,0.0,0.0,0.0,0.0,0.0,0.0,0.3,1.0
Aaron Wiggins,SG,23,OKC,9,1,14.4,0.9,2.0,.444,0.7,1.8,.375,0.2,0.2,1.000,.611,0.4,0.8,.571,0.1,1.4,1.6,1.1,0.3,0.1,0.8,1.7,2.9
Andrew Wiggins,SF,26,GSW,26,26,30.7,6.8,14.0,.490,2.2,5.3,.413,4.7,8.7,.538,.569,2.7,3.7,.719,1.2,3.2,4.4,1.8,0.8,0.5,1.6,1.7,18.5
Grant Williams,PF,23,BOS,27,9,21.8,2.4,4.8,.500,1.4,3.3,.432,1.0,1.6,.643,.646,0.9,1.0,.857,0.6,2.6,3.2,1.0,0.4,0.6,0.6,2.0,7.1
Kenrich Williams,SF,27,OKC,23,0,20.6,2.6,5.7,.447,0.7,2.0,.370,1.8,3.7,.488,.511,0.7,1.4,.531,1.1,2.3,3.5,2.0,1.0,0.2,0.8,1.8,6.6
Lou Williams,PG,35,ATL,21,0,13.5,2.3,6.0,.378,0.6,1.9,.333,1.7,4.2,.398,.429,1.0,1.2,.846,0.3,1.3,1.6,1.2,0.6,0.1,0.9,1.0,6.2
Patrick Williams,PF,20,CHI,5,5,25.0,2.6,4.6,.565,0.6,1.2,.500,2.0,3.4,.588,.630,0.8,0.8,1.000,0.2,2.0,2.2,0.6,0.6,0.4,0.4,1.8,6.6
Robert Williams,C,24,BOS,20,20,27.5,4.0,5.4,.741,0.0,0.0,,4.0,5.4,.741,.741,1.1,1.7,.667,3.6,4.6,8.2,1.2,0.8,1.8,1.2,1.7,9.1
Ziaire Williams,SF,20,MEM,19,0,17.8,1.8,5.2,.354,0.8,3.4,.246,1.0,1.8,.559,.434,0.2,0.3,.667,0.3,1.2,1.5,0.6,0.4,0.3,0.6,1.7,4.7
Dylan Windler,SF,25,CLE,18,0,10.5,0.9,2.1,.447,0.6,1.4,.400,0.4,0.7,.538,.579,0.2,0.2,.750,0.4,1.3,1.8,1.0,0.3,0.1,0.4,1.1,2.6
Justise Winslow,SF,25,LAC,18,0,8.0,1.1,2.7,.388,0.1,0.7,.167,0.9,2.1,.459,.408,0.1,0.2,.500,0.5,1.7,2.2,1.1,0.4,0.3,0.8,0.7,2.3
Cassius Winston,PG,23,WAS,2,0,3.5,0.0,1.0,.000,0.0,1.0,.000,0.0,0.0,,.000,1.0,1.0,1.000,0.0,0.0,0.0,1.0,0.0,0.0,0.5,0.0,1.0
Christian Wood,C,26,HOU,26,26,32.0,6.3,13.6,.463,1.7,4.7,.361,4.6,8.9,.517,.525,2.4,4.2,.564,1.9,9.4,11.3,2.3,0.6,1.1,1.9,2.5,16.7
Robert Woodard,SF,22,SAC,1,0,3.0,0.0,0.0,,0.0,0.0,,0.0,0.0,,,0.0,0.0,,0.0,0.0,0.0,0.0,0.0,0.0,0.0,0.0,0.0
Delon Wright,SG,29,ATL,24,0,14.0,1.0,2.7,.369,0.3,0.9,.364,0.7,1.8,.372,.431,0.5,0.7,.765,0.8,2.1,2.8,2.1,0.7,0.1,0.5,0.5,2.9
McKinley Wright IV,PG,23,MIN,1,0,4.0,1.0,1.0,1.000,1.0,1.0,1.000,0.0,0.0,,1.500,0.0,0.0,,0.0,0.0,0.0,0.0,0.0,0.0,1.0,0.0,3.0
Thaddeus Young,PF,33,SAS,21,0,14.6,3.0,5.3,.568,0.0,0.1,.000,3.0,5.1,.583,.568,0.4,0.9,.444,1.5,2.0,3.5,2.6,1.0,0.3,1.0,1.4,6.4
Trae Young,PG,23,ATL,26,26,34.3,9.2,20.3,.452,2.7,7.1,.386,6.4,13.2,.487,.519,5.4,6.1,.887,0.9,3.2,4.1,9.5,1.0,0.1,4.1,1.7,26.5
Omer Yurtseven,C,23,MIA,18,0,6.2,1.1,2.1,.526,0.0,0.2,.000,1.1,1.9,.571,.526,0.5,0.7,.750,0.4,1.3,1.7,0.3,0.1,0.4,0.4,0.8,2.7
Cody Zeller,C,29,POR,24,0,13.3,1.8,3.2,.566,0.0,0.2,.000,1.8,3.0,.597,.566,1.5,2.0,.766,1.8,2.8,4.6,0.8,0.3,0.3,0.7,2.1,5.1
Ivica Zubac,C,24,LAC,27,27,25.0,3.7,5.4,.673,0.0,0.0,,3.7,5.4,.673,.673,2.7,3.6,.760,2.5,5.6,8.1,1.1,0.5,1.0,1.2,2.2,10.0
